company_id,year,sales,net_profit,sales_growth,profit_growth
ABB,Dec 2012,1653,145,,
ABB,Mar 2014,2276,198,37.68905021173623,36.55172413793104
ABB,Mar 2015,2289,229,0.5711775043936829,15.656565656565657
ABB,Mar 2016,2614,255,14.19833988641328,11.353711790393017
ABB,Mar 2017,2903,277,11.05585309869932,8.627450980392148
ABB,Mar 2018,3298,401,13.60661384774371,44.7653429602888
ABB,Mar 2019,3679,450,11.552456033959979,12.219451371571077
ABB,Mar 2020,4093,593,11.25305789616744,31.77777777777777
ABB,Mar 2021,4310,691,5.301734668946989,16.526138279932546
ABB,Mar 2022,4913,799,13.990719257540608,15.629522431259035
ABB,Mar 2023,5349,949,8.874414817830246,18.77346683354193
ABB,Mar 2024,5849,1201,9.347541596560106,26.55426765015807
ABB,TTM,6066,1285,3.710035903573261,6.99417152373023
ADANIENSOL,Mar 2014,0,0,,
ADANIENSOL,Mar 2015,131,-7,inf,-inf
ADANIENSOL,Mar 2016,2194,368,1574.8091603053435,-5357.142857142857
ADANIENSOL,Mar 2017,2876,416,31.084776663628077,13.043478260869556
ADANIENSOL,Mar 2018,3944,1143,37.134909596662034,174.7596153846154
ADANIENSOL,Mar 2019,7305,559,85.21805273833671,-51.0936132983377
ADANIENSOL,Mar 2020,11416,706,56.27652292950034,26.296958855098396
ADANIENSOL,Mar 2021,9926,1290,-13.051857042747017,82.71954674220963
ADANIENSOL,Mar 2022,11258,1236,13.419302841023573,-4.1860465116279055
ADANIENSOL,Mar 2023,13293,1281,18.076034819683784,3.6407766990291357
ADANIENSOL,Mar 2024,16607,1196,24.93041450387421,-6.635441061670566
ADANIENSOL,TTM,22099,589,33.07039200337207,-50.75250836120402
ADANIENT,Mar 2013,46375,1218,,
ADANIENT,Mar 2014,54947,2646,18.484097035040435,117.24137931034484
ADANIENT,Mar 2015,64465,2298,17.322146796003413,-13.151927437641719
ADANIENT,Mar 2016,34008,1000,-47.245792290390135,-56.48389904264578
ADANIENT,Mar 2017,36533,925,7.424723594448368,-7.499999999999996
ADANIENT,Mar 2018,35924,594,-1.666986012646099,-35.78378378378378
ADANIENT,Mar 2019,40379,506,12.401180269457734,-14.814814814814813
ADANIENT,Mar 2020,43403,1040,7.489041333366364,105.53359683794467
ADANIENT,Mar 2021,39537,1046,-8.907218395041816,0.5769230769230749
ADANIENT,Mar 2022,69420,788,75.58236588512027,-24.665391969407267
ADANIENT,Mar 2023,127540,2422,83.72227023912417,207.36040609137058
ADANIENT,Mar 2024,96421,3335,-24.39940410851498,37.69611890999174
ADANIENT,TTM,102311,6086,6.108627788552279,82.48875562218892
ADANIGREEN,Mar 2017,502,-47,,
ADANIGREEN,Mar 2018,1480,-138,194.8207171314741,193.61702127659575
ADANIGREEN,Mar 2019,2058,-475,39.05405405405404,244.20289855072465
ADANIGREEN,Mar 2020,2549,-68,23.85811467444121,-85.68421052631578
ADANIGREEN,Mar 2021,3124,182,22.557865829737157,-367.6470588235294
ADANIGREEN,Mar 2022,5133,489,64.30857874519846,168.68131868131866
ADANIGREEN,Mar 2023,7776,973,51.490356516656924,98.97750511247443
ADANIGREEN,Mar 2024,9220,1260,18.569958847736622,29.496402877697836
ADANIGREEN,TTM,10782,1928,16.941431670281993,53.015873015873005
ADANIPORTS,Mar 2013,3577,1639,,
ADANIPORTS,Mar 2013,3577,1639,0.0,0.0
ADANIPORTS,Mar 2014,4830,1741,35.029354207436405,6.223306894447833
ADANIPORTS,Mar 2014,4830,1741,0.0,0.0
ADANIPORTS,Mar 2015,6152,2324,27.370600414078684,33.486502010338896
ADANIPORTS,Mar 2015,6152,2324,0.0,0.0
ADANIPORTS,Mar 2016,7109,2856,15.555916775032518,22.891566265060238
ADANIPORTS,Mar 2016,7109,2856,0.0,0.0
ADANIPORTS,Mar 2017,8439,3902,18.708679139119422,36.62464985994398
ADANIPORTS,Mar 2017,8439,3902,0.0,0.0
ADANIPORTS,Mar 2018,11323,3690,34.17466524469723,-5.43311122501281
ADANIPORTS,Mar 2018,11323,3690,0.0,0.0
ADANIPORTS,Mar 2019,10925,4045,-3.5149695310430107,9.620596205962052
ADANIPORTS,Mar 2019,10925,4045,0.0,0.0
ADANIPORTS,Mar 2020,11873,3785,8.67734553775743,-6.427688504326334
ADANIPORTS,Mar 2020,11873,3785,0.0,0.0
ADANIPORTS,Mar 2021,12550,5049,5.702012970605574,33.39498018494056
ADANIPORTS,Mar 2021,12550,5049,0.0,0.0
ADANIPORTS,Mar 2022,17119,4953,36.40637450199202,-1.9013666072489555
ADANIPORTS,Mar 2022,17119,4953,0.0,0.0
ADANIPORTS,Mar 2023,20852,5391,21.806180267539,8.843125378558447
ADANIPORTS,Mar 2023,20852,5391,0.0,0.0
ADANIPORTS,Mar 2024,26711,8104,28.098024170343372,50.324615099239466
ADANIPORTS,Mar 2024,26711,8104,0.0,0.0
ADANIPORTS,TTM,28443,9743,6.484219984276152,20.224580454096742
ADANIPORTS,TTM,28443,9743,0.0,0.0
ADANIPOWER,Mar 2013,6692,-2295,,
ADANIPOWER,Mar 2014,15328,-291,129.0496114763897,-87.3202614379085
ADANIPOWER,Mar 2015,18683,-816,21.888048016701454,180.4123711340206
ADANIPOWER,Mar 2016,25377,551,35.829363592570786,-167.52450980392157
ADANIPOWER,Mar 2017,22616,-6174,-10.879930645860425,-1220.508166969147
ADANIPOWER,Mar 2018,20304,-2103,-10.222851078882211,-65.93780369290573
ADANIPOWER,Mar 2019,23884,-984,17.63199369582349,-53.20970042796005
ADANIPOWER,Mar 2020,26468,-2275,10.818958298442482,131.1991869918699
ADANIPOWER,Mar 2021,26221,1270,-0.9332023575638559,-155.82417582417582
ADANIPOWER,Mar 2022,27711,4912,5.682468250638806,286.7716535433071
ADANIPOWER,Mar 2023,38773,10727,39.919165674280976,118.38355048859937
ADANIPOWER,Mar 2024,50351,20829,29.860985737497735,94.17358068425467
ADANIPOWER,TTM,54650,12686,8.53806279914997,-39.094531662585815
AMBUJACEM,Dec 2012,9749,1292,,
AMBUJACEM,Dec 2013,9161,1278,-6.0313878346497045,-1.0835913312693513
AMBUJACEM,Dec 2014,9955,1487,8.667176072481176,16.353677621283257
AMBUJACEM,Dec 2015,9437,808,-5.203415369161224,-45.66240753194351
AMBUJACEM,Dec 2016,20094,1434,112.92783723640989,77.47524752475248
AMBUJACEM,Dec 2017,23609,1945,17.4927839155967,35.63458856345885
AMBUJACEM,Dec 2018,26041,2973,10.301156338684404,52.853470437018004
AMBUJACEM,Dec 2019,27104,2783,4.082024499827197,-6.390850992263708
AMBUJACEM,Dec 2020,24516,3107,-9.548406139315235,11.642112827883588
AMBUJACEM,Dec 2021,28965,3711,18.14733235438082,19.43997425168973
AMBUJACEM,Mar 2023 15,38937,3024,34.42775763852926,-18.512530315278898
AMBUJACEM,Mar 2024,33160,4738,-14.836787631301851,56.679894179894184
AMBUJACEM,TTM,32850,3871,-0.9348612786489796,-18.29886027859856
APOLLOHOSP,Mar 2013,3769,303,,
APOLLOHOSP,Mar 2014,4357,315,15.600955160520025,3.960396039603964
APOLLOHOSP,Mar 2015,5129,335,17.718613725040157,6.349206349206349
APOLLOHOSP,Mar 2016,6150,235,19.906414505751613,-29.850746268656714
APOLLOHOSP,Mar 2017,7256,131,17.98373983739838,-44.25531914893617
APOLLOHOSP,Mar 2018,8243,60,13.602535832414553,-54.19847328244275
APOLLOHOSP,Mar 2019,9617,200,16.6686885842533,233.33333333333334
APOLLOHOSP,Mar 2020,11247,432,16.94915254237288,116.00000000000001
APOLLOHOSP,Mar 2021,10560,137,-6.108295545478793,-68.28703703703704
APOLLOHOSP,Mar 2022,14663,1108,38.85416666666666,708.7591240875913
APOLLOHOSP,Mar 2023,16612,844,13.291959353474736,-23.826714801444048
APOLLOHOSP,Mar 2024,19059,935,14.730315434625574,10.781990521327023
APOLLOHOSP,TTM,20469,1224,7.3980796474106825,30.909090909090907
ASIANPAINT,Mar 2013,10504,1160,,
ASIANPAINT,Mar 2014,12220,1263,16.336633663366328,8.879310344827584
ASIANPAINT,Mar 2015,13615,1427,11.41571194762685,12.98495645288995
ASIANPAINT,Mar 2016,14271,1803,4.818215203819309,26.348983882270495
ASIANPAINT,Mar 2017,15062,2016,5.54270899025997,11.813643926788675
ASIANPAINT,Mar 2018,16825,2098,11.704952861505769,4.067460317460325
ASIANPAINT,Mar 2019,19240,2208,14.353640416047542,5.243088655862715
ASIANPAINT,Mar 2020,20211,2774,5.046777546777537,25.6340579710145
ASIANPAINT,Mar 2021,21713,3207,7.431596655286721,15.609228550829135
ASIANPAINT,Mar 2022,29101,3085,34.02569889006586,-3.804178359837851
ASIANPAINT,Mar 2023,34489,4195,18.514827669152268,35.98055105348461
ASIANPAINT,Mar 2024,35495,5558,2.9168720461596465,32.491060786650785
ASIANPAINT,TTM,34831,4631,-1.8706860121143865,-16.678661388988846
ATGL,Mar 2018,1374,162,,
ATGL,Mar 2019,1719,229,25.109170305676855,41.35802469135803
ATGL,Mar 2020,1875,436,9.075043630017454,90.39301310043668
ATGL,Mar 2021,1696,463,-9.54666666666667,6.192660550458706
ATGL,Mar 2022,3038,509,79.12735849056605,9.935205183585305
ATGL,Mar 2023,4378,546,44.10796576695195,7.269155206286837
ATGL,Mar 2024,4475,668,2.215623572407499,22.344322344322354
ATGL,TTM,4826,668,7.8435754189944085,0.0
AXISBANK,Mar 2013,27183,5179,,
AXISBANK,Mar 2014,30641,6218,12.721186035389763,20.061787989959456
AXISBANK,Mar 2015,35479,7358,15.789301915733823,18.333869411386306
AXISBANK,Mar 2016,40988,8224,15.527495137968938,11.769502582223424
AXISBANK,Mar 2017,44542,3679,8.670830486971791,-55.265077821011666
AXISBANK,Mar 2018,45780,276,2.7793992187149286,-92.49796140255503
AXISBANK,Mar 2019,54986,4677,20.109217999126262,1594.5652173913043
AXISBANK,Mar 2020,62635,1627,13.910813661659338,-65.21274321146034
AXISBANK,Mar 2021,63346,6588,1.135148080146875,304.9170251997541
AXISBANK,Mar 2022,67377,13025,6.3634641492754,97.70795385549485
AXISBANK,Mar 2023,85164,9580,26.399216349792965,-26.44913627639155
AXISBANK,Mar 2024,109369,24861,28.42163355408389,159.50939457202503
AXISBANK,TTM,120659,26386,10.322851996452375,6.1341056272877115
BAJAJ-AUTO,Mar 2013,20025,3133,,
BAJAJ-AUTO,Mar 2014,20137,3380,0.5593008739076089,7.883817427385886
BAJAJ-AUTO,Mar 2015,21595,3026,7.240403237820936,-10.473372781065093
BAJAJ-AUTO,Mar 2016,22574,4061,4.533456818708026,34.20356906807667
BAJAJ-AUTO,Mar 2017,21755,4079,-3.6280676884911878,0.4432405811376494
BAJAJ-AUTO,Mar 2018,25210,4219,15.881406573201563,3.432213777886739
BAJAJ-AUTO,Mar 2019,30358,4928,20.420468068226903,16.804930078217595
BAJAJ-AUTO,Mar 2020,29919,5212,-1.4460768166545845,5.762987012987009
BAJAJ-AUTO,Mar 2021,27741,4857,-7.279655068685454,-6.811204911742131
BAJAJ-AUTO,Mar 2022,33145,6166,19.48019177390865,26.950792670372657
BAJAJ-AUTO,Mar 2023,36455,6060,9.986423291597536,-1.7191047680830351
BAJAJ-AUTO,Mar 2024,44870,7708,23.083253326018372,27.194719471947202
BAJAJ-AUTO,TTM,48900,7371,8.981502117227546,-4.372080954852098
BAJAJFINSV,Mar 2013,8055,2214,,
BAJAJFINSV,Mar 2014,6023,2191,-25.226567349472372,-1.0388437217705548
BAJAJFINSV,Mar 2015,11335,2409,88.19525153577952,9.949794614331363
BAJAJFINSV,Mar 2016,20533,2775,81.14689016321128,15.193026151930255
BAJAJFINSV,Mar 2017,24507,3450,19.354210295621677,24.32432432432432
BAJAJFINSV,Mar 2018,32862,4176,34.0923001591382,21.043478260869563
BAJAJFINSV,Mar 2019,42605,5374,29.648225914430036,28.687739463601524
BAJAJFINSV,Mar 2020,54351,5994,27.569534092242698,11.53703014514329
BAJAJFINSV,Mar 2021,60592,7367,11.48276940626667,22.90623957290623
BAJAJFINSV,Mar 2022,68406,8314,12.89609189331924,12.854621962807112
BAJAJFINSV,Mar 2023,82072,12210,19.97777972692454,46.860716863122455
BAJAJFINSV,Mar 2024,110382,15595,34.4941027390584,27.723177723177717
BAJAJFINSV,TTM,126263,16520,14.38730952510372,5.931388265469706
BAJAJHLDNG,Mar 2013,337,1856,,
BAJAJHLDNG,Mar 2014,423,1988,25.519287833827885,7.1120689655172376
BAJAJHLDNG,Mar 2015,524,2029,23.87706855791962,2.062374245472842
BAJAJHLDNG,Mar 2016,470,2265,-10.305343511450381,11.631345490389355
BAJAJHLDNG,Mar 2017,842,2473,79.14893617021276,9.183222958057403
BAJAJHLDNG,Mar 2018,420,2655,-50.1187648456057,7.359482410028306
BAJAJHLDNG,Mar 2019,431,3048,2.6190476190476097,14.802259887005654
BAJAJHLDNG,Mar 2020,435,3080,0.9280742459396807,1.049868766404205
BAJAJHLDNG,Mar 2021,457,3654,5.057471264367819,18.63636363636363
BAJAJHLDNG,Mar 2022,484,4126,5.908096280087527,12.917350848385322
BAJAJHLDNG,Mar 2023,522,4946,7.851239669421495,19.873969946679605
BAJAJHLDNG,Mar 2024,1702,7365,226.0536398467433,48.90820865345733
BAJAJHLDNG,TTM,1733,7486,1.8213866039952897,1.6429056347589954
BAJFINANCE,Mar 2015,5392,898,,
BAJFINANCE,Mar 2016,7299,1279,35.367210682492576,42.42761692650334
BAJFINANCE,Mar 2017,9970,1836,36.59405397999726,43.54964816262705
BAJFINANCE,Mar 2018,12746,2496,27.843530591775334,35.94771241830066
BAJFINANCE,Mar 2019,18487,3995,45.041581672681616,60.05608974358974
BAJFINANCE,Mar 2020,26374,5264,42.66241142424407,31.76470588235294
BAJFINANCE,Mar 2021,26673,4420,1.133692272692799,-16.033434650455924
BAJFINANCE,Mar 2022,31641,7028,18.625576425598922,59.00452488687782
BAJFINANCE,Mar 2023,41411,11508,30.877658733921187,63.74501992031873
BAJFINANCE,Mar 2024,54972,14451,32.74733766390572,25.573514077163708
BAJFINANCE,TTM,62279,15389,13.29222149457905,6.4909002837173935
BANKBARODA,Mar 2013,36442,4829,,
BANKBARODA,Mar 2014,40463,5036,11.033971790790842,4.286601780907029
BANKBARODA,Mar 2015,44915,3950,11.00264439117218,-21.5647339158062
BANKBARODA,Mar 2016,45799,-5033,1.9681620839363312,-227.41772151898735
BANKBARODA,Mar 2017,44473,1855,-2.895259721827992,-136.8567454798331
BANKBARODA,Mar 2018,46056,-1836,3.559463044993594,-198.97574123989216
BANKBARODA,Mar 2019,52906,1166,14.873197846100394,-163.50762527233115
BANKBARODA,Mar 2020,78895,981,49.12297281971798,-15.866209262435682
BANKBARODA,Mar 2021,74314,1620,-5.8064516129032295,65.1376146788991
BANKBARODA,Mar 2022,73385,7933,-1.2501009231100424,389.69135802469134
BANKBARODA,Mar 2023,94503,15005,28.776998024119372,89.14660279843692
BANKBARODA,Mar 2024,118379,18869,25.264806408262164,25.751416194601795
BANKBARODA,TTM,124144,20144,4.869951596144584,6.757114844453871
BEL,Mar 2013,6273,911,,
BEL,Mar 2014,6518,952,3.9056272915670265,4.500548847420416
BEL,Mar 2015,7093,1197,8.821724455354406,25.735294117647058
BEL,Mar 2016,7354,1337,3.679684195685895,11.695906432748536
BEL,Mar 2017,8656,1523,17.70465053032364,13.91174270755422
BEL,Mar 2018,10401,1431,20.15942698706099,-6.040709126723575
BEL,Mar 2019,12164,1887,16.95029324103452,31.865828092243188
BEL,Mar 2020,12968,1825,6.609667872410396,-3.2856385797562226
BEL,Mar 2021,14109,2100,8.798581122763727,15.068493150684926
BEL,Mar 2022,15368,2400,8.923382238287614,14.28571428571428
BEL,Mar 2023,17734,2986,15.395627277459667,24.416666666666664
BEL,Mar 2024,20268,3985,14.288936506146378,33.45612860013396
BEL,TTM,21575,4541,6.448588908624431,13.952321204516949
BHARTIARTL,Mar 2013,76947,2267,,
BHARTIARTL,Mar 2014,85864,3019,11.588495977750913,33.17159241288046
BHARTIARTL,Mar 2015,96101,5048,11.922342308767364,67.20768466379596
BHARTIARTL,Mar 2016,96532,6893,0.4484864881739048,36.54912836767037
BHARTIARTL,Mar 2017,95468,4241,-1.1022251688559193,-38.473814014217325
BHARTIARTL,Mar 2018,82639,2184,-13.438010642309461,-48.502711624616836
BHARTIARTL,Mar 2019,80780,1688,-2.249543193891501,-22.710622710622708
BHARTIARTL,Mar 2020,87539,-30664,8.367170091606834,-1916.5876777251185
BHARTIARTL,Mar 2021,100616,-12364,14.93848456116702,-59.67910253065484
BHARTIARTL,Mar 2022,116547,8305,15.833465850361762,-167.17081850533808
BHARTIARTL,Mar 2023,139145,12287,19.389602477970257,47.94701986754968
BHARTIARTL,Mar 2024,149982,8558,7.788278414603478,-30.349149507609674
BHARTIARTL,TTM,155478,13816,3.6644397327679323,61.43958868894601
BHEL,Mar 2013,48903,6693,,
BHEL,Mar 2014,39561,3502,-19.103122507821602,-47.67667712535485
BHEL,Mar 2015,31323,1450,-20.823538333206947,-58.59508852084523
BHEL,Mar 2016,25505,-706,-18.574210643935764,-148.68965517241378
BHEL,Mar 2017,28465,455,11.605567535777306,-164.44759206798867
BHEL,Mar 2018,28827,438,1.271737221148772,-3.736263736263734
BHEL,Mar 2019,30441,1002,5.598917681340421,128.7671232876712
BHEL,Mar 2020,21463,-1468,-29.49311783449953,-246.50698602794412
BHEL,Mar 2021,17309,-2700,-19.354237525043093,83.92370572207084
BHEL,Mar 2022,21211,445,22.543185625974928,-116.48148148148148
BHEL,Mar 2023,23365,654,10.155108198576212,46.966292134831455
BHEL,Mar 2024,23893,282,2.2597902846137385,-56.88073394495412
BHEL,TTM,25833,445,8.119532917590933,57.801418439716315
BOSCHLTD,Dec 2012,8659,958,,
BOSCHLTD,Dec 2013,8757,885,1.1317704122878025,-7.620041753653439
BOSCHLTD,Mar 2015,12086,1338,38.015302044079014,51.1864406779661
BOSCHLTD,Mar 2016,9701,1531,-19.733576038391533,14.424514200298955
BOSCHLTD,Mar 2017,10435,1741,7.5662302855375785,13.716525146962777
BOSCHLTD,Mar 2018,11690,1371,12.026832774317198,-21.25215393452039
BOSCHLTD,Mar 2019,12085,1598,3.3789563729683447,16.557257476294684
BOSCHLTD,Mar 2020,9842,650,-18.56019859329747,-59.32415519399249
BOSCHLTD,Mar 2021,9718,482,-1.2599065230644135,-25.84615384615384
BOSCHLTD,Mar 2022,11782,1217,21.238938053097357,152.4896265560166
BOSCHLTD,Mar 2023,14929,1424,26.710235953148874,17.009038619556293
BOSCHLTD,Mar 2024,16727,2490,12.043673387366871,74.85955056179776
BOSCHLTD,TTM,17150,2084,2.528845579004013,-16.305220883534133
BPCL,Mar 2013,242181,1936,,
BPCL,Mar 2014,264421,4053,9.183214207555501,109.349173553719
BPCL,Mar 2015,242598,5082,-8.253126642740172,25.38860103626943
BPCL,Mar 2016,187815,8089,-22.581801993421212,59.16961826052736
BPCL,Mar 2017,201251,9507,7.153848201687829,17.529978983805172
BPCL,Mar 2018,235895,9792,17.21432440087254,2.9977911012937897
BPCL,Mar 2019,298226,8528,26.423196761270894,-12.908496732026142
BPCL,Mar 2020,284572,3666,-4.578406979941385,-57.012195121951216
BPCL,Mar 2021,230171,17320,-19.11677888197012,372.4495362793236
BPCL,Mar 2022,346791,11682,50.66667825225593,-32.55196304849884
BPCL,Mar 2023,473187,2131,36.447312646521965,-81.7582605718199
BPCL,Mar 2024,448083,26859,-5.305302132138035,1160.3941811356171
BPCL,TTM,445601,13734,-0.5539152344543274,-48.866301798279906
BRITANNIA,Mar 2013,6185,260,,
BRITANNIA,Mar 2014,6913,395,11.770412287793054,51.92307692307692
BRITANNIA,Mar 2015,7858,689,13.66989729495154,74.43037974683544
BRITANNIA,Mar 2016,8397,825,6.859251717994397,19.73875181422351
BRITANNIA,Mar 2017,9054,885,7.8242229367631255,7.272727272727275
BRITANNIA,Mar 2018,9914,1004,9.498564170532365,13.446327683615822
BRITANNIA,Mar 2019,11055,1155,11.508977203954007,15.039840637450208
BRITANNIA,Mar 2020,11600,1394,4.929895974672105,20.692640692640694
BRITANNIA,Mar 2021,13136,1851,13.241379310344836,32.783357245337164
BRITANNIA,Mar 2022,14136,1516,7.6126674786845205,-18.098325229605617
BRITANNIA,Mar 2023,16301,2316,15.315506508205988,52.77044854881265
BRITANNIA,Mar 2024,16769,2134,2.8709895098460114,-7.8583765112262505
BRITANNIA,TTM,17244,2129,2.8326077881805745,-0.23430178069353547
CANBK,Mar 2013,34070,2995,,
CANBK,Mar 2014,39570,2672,16.143234517170523,-10.78464106844741
CANBK,Mar 2015,43813,2931,10.722769775082131,9.693113772455098
CANBK,Mar 2016,44039,-2535,0.515828635336546,-186.48925281473902
CANBK,Mar 2017,41457,1411,-5.862985081405114,-155.66074950690333
CANBK,Mar 2018,41345,-3873,-0.27015944231372213,-374.48618001417435
CANBK,Mar 2019,47951,696,15.977748216229282,-117.97056545313711
CANBK,Mar 2020,49759,-1921,3.7705157348126184,-376.00574712643675
CANBK,Mar 2021,70253,2957,41.18651902168451,-253.9302446642374
CANBK,Mar 2022,70614,6158,0.5138570594850123,108.25160635779505
CANBK,Mar 2023,85885,11345,21.626023168210274,84.23189347190647
CANBK,Mar 2024,110519,15401,28.68254060662514,35.75143234905245
CANBK,TTM,119392,16571,8.028483790117535,7.596909291604437
CHOLAFIN,Mar 2013,2570,308,,
CHOLAFIN,Mar 2014,3279,368,27.587548638132287,19.480519480519476
CHOLAFIN,Mar 2015,3715,444,13.29673681000305,20.65217391304348
CHOLAFIN,Mar 2016,4214,575,13.43203230148049,29.504504504504503
CHOLAFIN,Mar 2017,4694,718,11.390602752729006,24.869565217391298
CHOLAFIN,Mar 2018,5559,918,18.427780144865793,27.85515320334262
CHOLAFIN,Mar 2019,7108,1197,27.86472387119985,30.3921568627451
CHOLAFIN,Mar 2020,8712,1054,22.56612267867193,-11.946532999164583
CHOLAFIN,Mar 2021,9583,1521,9.997704315886136,44.307400379506646
CHOLAFIN,Mar 2022,10148,2154,5.895857247208602,41.61735700197238
CHOLAFIN,Mar 2023,12884,2665,26.960977532518715,23.723305478180134
CHOLAFIN,Mar 2024,19163,3420,48.734864948773684,28.330206378986865
CHOLAFIN,TTM,22502,3852,17.42420289098785,12.631578947368416
CIPLA,Mar 2013,8279,1545,,
CIPLA,Mar 2014,10173,1404,22.87715907718324,-9.126213592233013
CIPLA,Mar 2015,11345,1229,11.520692027917034,-12.46438746438746
CIPLA,Mar 2016,13790,1383,21.551344204495383,12.530512611879585
CIPLA,Mar 2017,14394,1035,4.379985496736771,-25.16268980477223
CIPLA,Mar 2018,15156,1417,5.293872446852865,36.908212560386474
CIPLA,Mar 2019,16362,1492,7.957244655581941,5.292872265349335
CIPLA,Mar 2020,17132,1500,4.7060261581713725,0.536193029490617
CIPLA,Mar 2021,19160,2389,11.837497081484937,59.266666666666666
CIPLA,Mar 2022,21763,2547,13.585594989561578,6.6136458769359585
CIPLA,Mar 2023,22753,2833,4.549005192298861,11.228896741264238
CIPLA,Mar 2024,25774,4154,13.2773700171406,46.62901517825626
CIPLA,TTM,26981,4987,4.683013889966636,20.05296100144438
COALINDIA,Mar 2013,68303,17356,,
COALINDIA,Mar 2014,70608,15112,3.3746687553987353,-12.929246370131365
COALINDIA,Mar 2015,74120,13727,4.973940629956952,-9.164902064584435
COALINDIA,Mar 2016,77861,14267,5.047220723151646,3.9338529904567654
COALINDIA,Mar 2017,78164,9280,0.38915503268646123,-34.95479077591646
COALINDIA,Mar 2018,85244,7038,9.057878307149082,-24.159482758620687
COALINDIA,Mar 2019,99586,17464,16.824644549763022,148.13867576015915
COALINDIA,Mar 2020,96080,16700,-3.520575181250374,-4.374713696747589
COALINDIA,Mar 2021,90026,12702,-6.300999167360533,-23.94011976047904
COALINDIA,Mar 2022,109715,17378,21.870348565969834,36.81310029916549
COALINDIA,Mar 2023,138252,31723,26.010117121633325,82.5468983772586
COALINDIA,Mar 2024,142324,37369,2.9453461794404445,17.79781231283295
COALINDIA,TTM,140328,34350,-1.4024338832522965,-8.078888918622384
DABUR,Mar 2013,6140,766,,
DABUR,Mar 2014,7058,916,14.951140065146573,19.582245430809397
DABUR,Mar 2015,7795,1068,10.442051572683475,16.59388646288209
DABUR,Mar 2016,7780,1254,-0.19243104554201862,17.41573033707866
DABUR,Mar 2017,7614,1280,-2.1336760925449894,2.0733652312599604
DABUR,Mar 2018,7722,1358,1.4184397163120588,6.093750000000009
DABUR,Mar 2019,8515,1446,10.269360269360273,6.480117820324005
DABUR,Mar 2020,8685,1448,1.996476805637104,0.13831258644536604
DABUR,Mar 2021,9562,1695,10.097869890616007,17.058011049723753
DABUR,Mar 2022,10889,1742,13.877849822212918,2.7728613569321547
DABUR,Mar 2023,11530,1701,5.886674625769128,-2.3536165327210146
DABUR,Mar 2024,12404,1811,7.580225498699056,6.466784244562018
DABUR,TTM,12447,1760,0.3466623669784008,-2.8161236885698493
DIVISLAB,Mar 2013,2145,602,,
DIVISLAB,Mar 2014,2532,773,18.04195804195805,28.405315614617944
DIVISLAB,Mar 2015,3115,852,23.02527646129542,10.219922380336355
DIVISLAB,Mar 2016,3776,1126,21.219903691813812,32.15962441314555
DIVISLAB,Mar 2017,4064,1060,7.6271186440677985,-5.861456483126116
DIVISLAB,Mar 2018,3891,877,-4.256889763779526,-17.264150943396228
DIVISLAB,Mar 2019,4946,1353,27.113852480082244,54.27594070695554
DIVISLAB,Mar 2020,5394,1377,9.057824504650224,1.7738359201773912
DIVISLAB,Mar 2021,6969,1984,29.199110122358185,44.081336238198986
DIVISLAB,Mar 2022,8960,2960,28.569378676998134,49.193548387096776
DIVISLAB,Mar 2023,7767,1824,-13.314732142857144,-38.37837837837837
DIVISLAB,Mar 2024,7845,1600,1.0042487446890735,-12.28070175438597
DIVISLAB,TTM,8614,1836,9.80242192479286,14.749999999999996
DLF,Mar 2013,7773,667,,
DLF,Mar 2014,8298,590,6.75414897722888,-11.544227886056968
DLF,Mar 2015,7649,507,-7.82116172571704,-14.067796610169491
DLF,Mar 2016,9926,305,29.76859720224867,-39.84220907297831
DLF,Mar 2017,8221,708,-17.177110618577473,132.13114754098362
DLF,Mar 2018,6707,4477,-18.4162510643474,532.3446327683616
DLF,Mar 2019,8366,1314,24.735351125689586,-70.64998883180702
DLF,Mar 2020,6083,-590,-27.289027014104704,-144.90106544901064
DLF,Mar 2021,5414,1083,-10.997862896597077,-283.5593220338983
DLF,Mar 2022,5717,1500,5.596601403768009,38.50415512465375
DLF,Mar 2023,5695,2034,-0.3848172118243842,35.60000000000001
DLF,Mar 2024,6427,2724,12.853380158033367,33.92330383480826
DLF,TTM,7001,4004,8.931072039831967,46.98972099853158
DMART,Mar 2013,3341,94,,
DMART,Mar 2014,4686,161,40.25740796168811,71.27659574468086
DMART,Mar 2015,6439,212,37.40930431071276,31.677018633540378
DMART,Mar 2016,8584,320,33.31262618419009,50.9433962264151
DMART,Mar 2017,11898,479,38.60671015843429,49.68749999999999
DMART,Mar 2018,15033,806,26.348966212808868,68.26722338204594
DMART,Mar 2019,20005,902,33.07390407769573,11.910669975186106
DMART,Mar 2020,24870,1301,24.31892026993252,44.2350332594235
DMART,Mar 2021,24143,1099,-2.9232006433453916,-15.526518063028439
DMART,Mar 2022,30976,1492,28.302199395269856,35.75978161965423
DMART,Mar 2023,42840,2378,38.30061983471074,59.3833780160858
DMART,Mar 2024,50789,2536,18.555088702147525,6.644238856181661
DMART,TTM,57213,2720,12.64840811986847,7.2555205047318605
DRREDDY,Mar 2013,11833,1527,,
DRREDDY,Mar 2014,13415,1963,13.3693906870616,28.55271774721677
DRREDDY,Mar 2015,15023,2336,11.986582184122252,19.00152827305146
DRREDDY,Mar 2016,15568,2131,3.6277707515143476,-8.775684931506845
DRREDDY,Mar 2017,14196,1292,-8.812949640287771,-39.37118723603942
DRREDDY,Mar 2018,14281,947,0.5987602141448223,-26.702786377708975
DRREDDY,Mar 2019,15448,1950,8.171696659897766,105.91341077085534
DRREDDY,Mar 2020,17517,2026,13.39331952356293,3.897435897435897
DRREDDY,Mar 2021,19048,1952,8.740081064109152,-3.6525172754195423
DRREDDY,Mar 2022,21545,2182,13.10898782024359,11.7827868852459
DRREDDY,Mar 2023,24670,4507,14.504525411928526,106.55362053162239
DRREDDY,Mar 2024,28011,5578,13.542764491284952,23.763035278455735
DRREDDY,TTM,31229,5448,11.488343864910222,-2.3305844388669783
EICHERMOT,Dec 2012,6390,475,,
EICHERMOT,Dec 2013,6810,525,6.572769953051649,10.526315789473696
EICHERMOT,Dec 2014,8738,702,28.311306901615275,33.71428571428572
EICHERMOT,Mar 2016,6173,1338,-29.354543373769737,90.59829059829059
EICHERMOT,Mar 2017,7033,1667,13.931637777417794,24.588938714499253
EICHERMOT,Mar 2018,8965,1960,27.470496232048912,17.576484703059393
EICHERMOT,Mar 2019,9797,2203,9.280535415504731,12.397959183673478
EICHERMOT,Mar 2020,9154,1827,-6.563233642951927,-17.06763504312302
EICHERMOT,Mar 2021,8720,1347,-4.741096788289267,-26.272577996715928
EICHERMOT,Mar 2022,10298,1677,18.096330275229366,24.498886414253906
EICHERMOT,Mar 2023,14442,2914,40.240823460866196,73.76267143709003
EICHERMOT,Mar 2024,16536,4001,14.499376817615284,37.302676733013044
EICHERMOT,TTM,17091,4268,3.356313497822927,6.673331667083238
GAIL,Mar 2013,50974,4367,,
GAIL,Mar 2014,61765,4786,21.16961588260682,9.594687428440585
GAIL,Mar 2015,60557,3160,-1.9558002104751893,-33.97409109903886
GAIL,Mar 2016,52053,1874,-14.042967782419868,-40.69620253164557
GAIL,Mar 2017,48552,3374,-6.725837127543077,80.04268943436499
GAIL,Mar 2018,54496,4805,12.24254407645411,42.41256668642561
GAIL,Mar 2019,76190,6553,39.80842630651791,36.37877211238294
GAIL,Mar 2020,72518,9515,-4.819530122063265,45.20067144819166
GAIL,Mar 2021,57372,6143,-20.88584903058551,-35.438780872306886
GAIL,Mar 2022,92770,12304,61.69908666248345,100.2930164414781
GAIL,Mar 2023,145668,5596,57.02058855233372,-54.518855656697006
GAIL,Mar 2024,133228,9903,-8.539967597550591,76.96568977841316
GAIL,TTM,136081,11541,2.1414417389737928,16.540442290215097
GODREJCP,Mar 2013,6412,845,,
GODREJCP,Mar 2014,7599,819,18.512164691204003,-3.076923076923077
GODREJCP,Mar 2015,8273,976,8.869588103697845,19.16971916971917
GODREJCP,Mar 2016,8424,831,1.8252145533663722,-14.856557377049185
GODREJCP,Mar 2017,9268,1308,10.018993352326678,57.40072202166064
GODREJCP,Mar 2018,9847,1634,6.247302546396205,24.923547400611625
GODREJCP,Mar 2019,10314,2342,4.742561186148064,43.32925336597307
GODREJCP,Mar 2020,9911,1497,-3.907310451813073,-36.080273270708794
GODREJCP,Mar 2021,11029,1721,11.280395520129138,14.963259853039412
GODREJCP,Mar 2022,12276,1783,11.306555444736599,3.6025566531086683
GODREJCP,Mar 2023,13316,1702,8.471814923427834,-4.542905215928206
GODREJCP,Mar 2024,14096,-561,5.857614899369179,-132.96122209165685
GODREJCP,TTM,14152,-453,0.39727582292850006,-19.25133689839572
GRASIM,Mar 2013,27909,3778,,
GRASIM,Mar 2014,28331,2954,1.5120570425310786,-21.81048173636845
GRASIM,Mar 2015,31734,2582,12.011577424023145,-12.59309410968179
GRASIM,Mar 2016,34487,3455,8.675237915169841,33.81099922540667
GRASIM,Mar 2017,36068,4246,4.58433612665643,22.89435600578871
GRASIM,Mar 2018,55894,3688,54.968393035377616,-13.141780499293453
GRASIM,Mar 2019,77200,2745,38.11858160088739,-25.569414316702822
GRASIM,Mar 2020,68252,6639,-11.590673575129529,141.85792349726776
GRASIM,Mar 2021,76404,6987,11.943972337806951,5.241753276095795
GRASIM,Mar 2022,95701,11206,25.256531071671652,60.383569486188634
GRASIM,Mar 2023,117627,11078,22.91094136947367,-1.1422452257719096
GRASIM,Mar 2024,130978,9926,11.350285223630618,-10.3989889871818
GRASIM,TTM,137116,8693,4.686283192597229,-12.421922224461014
HAL,Mar 2013,14328,2997,,
HAL,Mar 2014,15135,2693,5.632328308207701,-10.143476810143481
HAL,Mar 2015,15730,2388,3.931285100759818,-11.32565911622726
HAL,Mar 2016,16758,1998,6.53528289891927,-16.331658291457284
HAL,Mar 2017,17950,2616,7.113020646855239,30.930930930930934
HAL,Mar 2018,18519,1987,3.1699164345403874,-24.044342507645254
HAL,Mar 2019,20008,2346,8.040390949835308,18.067438349270247
HAL,Mar 2020,21445,2842,7.182127149140349,21.14236999147485
HAL,Mar 2021,22882,3239,6.700862671951513,13.969035890218162
HAL,Mar 2022,24620,5086,7.595489904728603,57.023772769373274
HAL,Mar 2023,26928,5811,9.374492282697,14.254817145104216
HAL,Mar 2024,30381,7595,12.823083778966126,30.70039580106694
HAL,TTM,31154,8472,2.54435337875647,11.547070441079654
HAVELLS,Mar 2013,7135,581,,
HAVELLS,Mar 2014,8051,446,12.838121934127544,-23.235800344234082
HAVELLS,Mar 2015,8468,385,5.179480809837278,-13.677130044843045
HAVELLS,Mar 2016,7594,1300,-10.321209258384512,237.66233766233765
HAVELLS,Mar 2017,6130,494,-19.278377666578884,-62.0
HAVELLS,Mar 2018,8116,661,32.39804241435562,33.80566801619433
HAVELLS,Mar 2019,10073,788,24.112863479546576,19.213313161875956
HAVELLS,Mar 2020,9440,735,-6.284125881068203,-6.725888324873097
HAVELLS,Mar 2021,10457,1044,10.773305084745765,42.0408163265306
HAVELLS,Mar 2022,13938,1196,33.28870612986516,14.559386973180066
HAVELLS,Mar 2023,16911,1072,21.330176495910468,-10.367892976588633
HAVELLS,Mar 2024,18590,1271,9.928448938560708,18.56343283582089
HAVELLS,TTM,20677,1400,11.226465841850452,10.149488591660116
HCLTECH,Jun 2013,25581,4040,,
HCLTECH,Jun 2014,32144,6528,25.655760134474814,61.58415841584159
HCLTECH,Jun 2015,36701,7342,14.176829268292689,12.469362745098046
HCLTECH,Mar 2016 9m,31136,5602,-15.163074575624647,-23.699264505584306
HCLTECH,Mar 2017,47568,8606,52.77492291880781,53.623705819350235
HCLTECH,Mar 2018,50569,8722,6.308863101244544,1.347896816174754
HCLTECH,Mar 2019,60427,10120,19.494156499040916,16.028433845448298
HCLTECH,Mar 2020,70676,11057,16.96096115974648,9.258893280632407
HCLTECH,Mar 2021,75379,11169,6.654309808138548,1.012932983630277
HCLTECH,Mar 2022,85651,13523,13.627137531673284,21.076193034291336
HCLTECH,Mar 2023,101456,14845,18.452790977338275,9.775937292020998
HCLTECH,Mar 2024,109913,15710,8.335633180886305,5.8268777366116575
HCLTECH,TTM,115308,17085,4.908427574536223,8.752387014640362
HDFCBANK,Mar 2013,35861,6903,,
HDFCBANK,Mar 2014,42555,8768,18.666517944284887,27.017238881645667
HDFCBANK,Mar 2015,50666,10703,19.060039948302187,22.068886861313874
HDFCBANK,Mar 2016,63162,12821,24.6634824142423,19.788844249275893
HDFCBANK,Mar 2017,73271,15317,16.004876349703935,19.46806021371188
HDFCBANK,Mar 2018,85288,18561,16.400758826820972,21.179082065678667
HDFCBANK,Mar 2019,105161,22446,23.301050558109004,20.930984321965408
HDFCBANK,Mar 2020,122189,27296,16.192314641359438,21.607413347589777
HDFCBANK,Mar 2021,128552,31857,5.207506404013462,16.709407971864
HDFCBANK,Mar 2022,135936,38151,5.743979090173634,19.7570392692344
HDFCBANK,Mar 2023,170754,46149,25.61352401129944,20.964063851537308
HDFCBANK,Mar 2024,283649,65446,66.11558147978964,41.814557195172156
HDFCBANK,TTM,329022,72168,15.99617837538647,10.271063166580085
HDFCLIFE,Mar 2013,14060,447,,
HDFCLIFE,Mar 2014,17166,725,22.09103840682789,62.192393736017905
HDFCLIFE,Mar 2015,27215,786,58.540137481067234,8.413793103448274
HDFCLIFE,Mar 2016,18141,817,-33.34190703656073,3.9440203562340903
HDFCLIFE,Mar 2017,30647,887,68.93776528306049,8.56793145654835
HDFCLIFE,Mar 2018,32260,1107,5.263157894736836,24.802705749718147
HDFCLIFE,Mar 2019,38855,1278,20.443273403595775,15.44715447154472
HDFCLIFE,Mar 2020,29380,1297,-24.385535967057002,1.4866979655712154
HDFCLIFE,Mar 2021,71528,1361,143.4581347855684,4.934464148033935
HDFCLIFE,Mar 2022,67126,1327,-6.154233307236323,-2.4981631153563555
HDFCLIFE,Mar 2023,70207,1368,4.589875756040884,3.0896759608138646
HDFCLIFE,Mar 2024,101482,1574,44.546840058683614,15.058479532163748
HDFCLIFE,TTM,100772,1747,-0.6996314617370603,10.991105463786521
HEROMOTOCO,Mar 2014,25275,2102,,
HEROMOTOCO,Mar 2015,27538,2364,8.953511374876367,12.464319695528058
HEROMOTOCO,Mar 2016,28457,3112,3.337206768828538,31.64128595600677
HEROMOTOCO,Mar 2017,28610,3546,0.5376533014723961,13.946015424164514
HEROMOTOCO,Mar 2018,32458,3722,13.449842712338334,4.96333897349126
HEROMOTOCO,Mar 2019,33971,3466,4.6614085895618995,-6.878022568511555
HEROMOTOCO,Mar 2020,29254,3659,-13.885372817991815,5.568378534333518
HEROMOTOCO,Mar 2021,30959,2936,5.828262801668149,-19.759497130363492
HEROMOTOCO,Mar 2022,29551,2329,-4.547950515197519,-20.674386920980925
HEROMOTOCO,Mar 2023,34158,2800,15.589996954417785,20.22327179046801
HEROMOTOCO,Mar 2024,37789,3742,10.630013466830611,33.64285714285715
HEROMOTOCO,TTM,40098,4133,6.110243721717956,10.448957776590051
HINDALCO,Mar 2013,80193,3007,,
HINDALCO,Mar 2014,87695,2195,9.354931228411466,-27.003658131027596
HINDALCO,Mar 2015,104281,259,18.913278978276992,-88.2004555808656
HINDALCO,Mar 2016,98759,-702,-5.2953078700818,-371.04247104247105
HINDALCO,Mar 2017,100184,1882,1.4429064692838223,-368.0911680911681
HINDALCO,Mar 2018,115183,6083,14.971452527349683,223.21997874601487
HINDALCO,Mar 2019,130542,5495,13.334433032652381,-9.6662830840046
HINDALCO,Mar 2020,118144,3767,-9.49732653092491,-31.446769790718832
HINDALCO,Mar 2021,132008,3483,11.734832069339118,-7.539155826917976
HINDALCO,Mar 2022,195059,13730,47.76301436276589,294.2004019523399
HINDALCO,Mar 2023,223202,10097,14.42794231488933,-26.460305899490166
HINDALCO,Mar 2024,215962,10155,-3.2436985331672608,0.5744280479350383
HINDALCO,TTM,224018,12488,3.730285883627671,22.973904480551454
HINDUNILVR,Mar 2013,27004,3839,,
HINDUNILVR,Mar 2014,29234,3956,8.258035846541256,3.047668663714509
HINDUNILVR,Mar 2015,31972,4376,9.365806937128006,10.616784630940334
HINDUNILVR,Mar 2016,32186,4151,0.6693356687101248,-5.141681901279704
HINDUNILVR,Mar 2017,33162,4490,3.03237432424035,8.166706817634296
HINDUNILVR,Mar 2018,35545,5227,7.185935709547064,16.41425389755011
HINDUNILVR,Mar 2019,39310,6060,10.59220706147137,15.936483642624832
HINDUNILVR,Mar 2020,39783,6756,1.2032561689137689,11.485148514851495
HINDUNILVR,Mar 2021,47028,7999,18.211296282331645,18.398460627590296
HINDUNILVR,Mar 2022,52446,8892,11.520796121459554,11.16389548693586
HINDUNILVR,Mar 2023,60580,10143,15.509285741524614,14.06882591093117
HINDUNILVR,Mar 2024,61896,10282,2.172334103664575,1.370403233757278
HINDUNILVR,TTM,62661,10757,1.2359441644048008,4.61972378914608
ICICIBANK,Mar 2013,44885,10130,,
ICICIBANK,Mar 2014,49479,11677,10.23504511529465,15.271470878578475
ICICIBANK,Mar 2015,54964,12942,11.085511024879246,10.83326196797123
ICICIBANK,Mar 2016,59294,10927,7.877883705698285,-15.569463761397007
ICICIBANK,Mar 2017,60940,11340,2.7759975714237495,3.7796284433055716
ICICIBANK,Mar 2018,62162,9100,2.005251066622904,-19.753086419753085
ICICIBANK,Mar 2019,71982,5689,15.797432515041354,-37.48351648351649
ICICIBANK,Mar 2020,84836,11225,17.857242088299863,97.31059940235542
ICICIBANK,Mar 2021,89163,20364,5.100429063133571,81.4164810690423
ICICIBANK,Mar 2022,95407,26538,7.002904792346598,30.31820860341781
ICICIBANK,Mar 2023,121067,35461,26.89530118335133,33.62348330695606
ICICIBANK,Mar 2024,159516,46081,31.758447801630506,29.948394010321188
ICICIBANK,TTM,180551,52416,13.18676496401614,13.747531520583323
ICICIGI,Mar 2013,4012,353,,
ICICIGI,Mar 2014,4352,520,8.47457627118644,47.30878186968839
ICICIGI,Mar 2015,4234,585,-2.711397058823528,12.5
ICICIGI,Mar 2016,6033,507,42.48937175247993,-13.33333333333333
ICICIGI,Mar 2017,7520,702,24.647770595060493,38.46153846153846
ICICIGI,Mar 2018,6912,862,-8.085106382978724,22.79202279202279
ICICIGI,Mar 2019,11163,1049,61.501736111111114,21.693735498839906
ICICIGI,Mar 2020,11517,1194,3.171190540177382,13.822688274547179
ICICIGI,Mar 2021,12161,1473,5.591733958496126,23.36683417085428
ICICIGI,Mar 2022,16026,1271,31.78192582846806,-13.713509843856075
ICICIGI,Mar 2023,17876,1729,11.543741420192188,36.03461841070023
ICICIGI,Mar 2024,20487,1919,14.606175878272554,10.989010989010994
ICICIGI,TTM,23301,2518,13.735539610484704,31.214174048983857
ICICIPRULI,Mar 2013,20025,1515,,
ICICIPRULI,Mar 2014,21888,1561,9.303370786516862,3.0363036303630464
ICICIPRULI,Mar 2015,34453,1640,57.40588450292399,5.060858424087122
ICICIPRULI,Mar 2016,20849,1650,-39.48567613850753,0.6097560975609762
ICICIPRULI,Mar 2017,37816,1682,81.3804019377428,1.9393939393939297
ICICIPRULI,Mar 2018,38832,1619,2.686693463084411,-3.745541022592147
ICICIPRULI,Mar 2019,41463,1139,6.775339925834367,-29.64793082149475
ICICIPRULI,Mar 2020,21025,1067,-49.292139980223325,-6.321334503950837
ICICIPRULI,Mar 2021,83182,956,295.6337693222354,-10.402999062792873
ICICIPRULI,Mar 2022,63564,759,-23.584429323651758,-20.60669456066946
ICICIPRULI,Mar 2023,50478,813,-20.58712478761563,7.114624505928857
ICICIPRULI,Mar 2024,90307,851,78.90368081144261,4.674046740467408
ICICIPRULI,TTM,77572,974,-14.101896862923136,14.453584018801413
INDIGO,Mar 2013,9203,787,,
INDIGO,Mar 2014,11117,474,20.797566011083333,-39.7712833545108
INDIGO,Mar 2015,13925,1304,25.258612935144377,175.10548523206754
INDIGO,Mar 2016,16140,1986,15.906642728904853,52.30061349693251
INDIGO,Mar 2017,18580,1659,15.117719950433695,-16.465256797583084
INDIGO,Mar 2018,23021,2242,23.90204520990311,35.14165159734779
INDIGO,Mar 2019,28497,156,23.786977107858043,-93.04192685102586
INDIGO,Mar 2020,35756,-248,25.472856791943023,-258.97435897435895
INDIGO,Mar 2021,14641,-6171,-59.05302606555543,2388.3064516129034
INDIGO,Mar 2022,25931,-317,77.11221911071648,-94.86306919462
INDIGO,Mar 2023,54446,-317,109.96490686822722,0.0
INDIGO,Mar 2024,68904,8167,26.55475149689601,-2676.340694006309
INDIGO,TTM,76476,6074,10.989202368512707,-25.62752540712624
INDUSINDBK,Mar 2013,6983,1061,,
INDUSINDBK,Mar 2014,8254,1408,18.20134612630675,32.70499528746467
INDUSINDBK,Mar 2015,9692,1794,17.421856069784347,27.41477272727273
INDUSINDBK,Mar 2016,11872,2286,22.492777548493592,27.424749163879603
INDUSINDBK,Mar 2017,14406,2868,21.344339622641506,25.459317585301843
INDUSINDBK,Mar 2018,17281,3606,19.95696237678746,25.73221757322175
INDUSINDBK,Mar 2019,22261,3301,28.81777674903072,-8.458125346644485
INDUSINDBK,Mar 2020,28783,4418,29.29787520776246,33.83823083913966
INDUSINDBK,Mar 2021,29000,2836,0.7539172428169483,-35.808057944771384
INDUSINDBK,Mar 2022,30822,4611,6.282758620689655,62.58815232722144
INDUSINDBK,Mar 2023,36368,7390,17.993640905846476,60.26892214270223
INDUSINDBK,Mar 2024,45748,8950,25.791904971403422,21.109607577807843
INDUSINDBK,TTM,49004,8122,7.117251027367311,-9.251396648044697
INFY,Mar 2013,40352,9429,,
INFY,Mar 2014,50133,10656,24.23919508326724,13.013044861597201
INFY,Mar 2015,53319,12372,6.355095446113346,16.10360360360361
INFY,Mar 2016,62441,13489,17.10834786848965,9.02845134173942
INFY,Mar 2017,68484,14353,9.677935971557151,6.405219067388246
INFY,Mar 2018,70522,16029,2.9758775772443125,11.677001323765058
INFY,Mar 2019,82675,15410,17.232920223476356,-3.8617505770790483
INFY,Mar 2020,90791,16639,9.816752343513757,7.975340687865029
INFY,Mar 2021,100472,19423,10.662951173574475,16.7317747460785
INFY,Mar 2022,121641,22146,21.069551715900946,14.019461463213712
INFY,Mar 2023,146767,24108,20.65586438782976,8.85938769981034
INFY,Mar 2024,153670,26248,4.7033733741236095,8.876721420275423
INFY,TTM,159988,27687,4.111407561658109,5.4823224626638245
IOC,Mar 2013,461780,3627,,
IOC,Mar 2014,488345,6967,5.752739399714146,92.08712434518887
IOC,Mar 2015,449507,4872,-7.952984058401336,-30.07033156308311
IOC,Mar 2016,346045,12413,-23.01677170767085,154.7824302134647
IOC,Mar 2017,355379,20385,2.697337051539539,64.22299202449044
IOC,Mar 2018,421492,22626,18.603519059933205,10.993377483443712
IOC,Mar 2019,528158,17274,25.30676738823039,-23.654203129143458
IOC,Mar 2020,483763,-1876,-8.405628618708793,-110.86025240245456
IOC,Mar 2021,363950,21762,-24.766879649745842,-1260.0213219616205
IOC,Mar 2022,589321,25727,61.923615881302375,18.219832735961774
IOC,Mar 2023,841756,11704,42.83488964418374,-54.506938236094385
IOC,Mar 2024,776352,43161,-7.769947585761194,268.7713602187286
IOC,TTM,761485,10909,-1.914981863896792,-74.7248673571048
IRCTC,Mar 2015,1059,131,,
IRCTC,Mar 2016,1367,189,29.08404154863078,44.27480916030535
IRCTC,Mar 2017,1520,229,11.192392099487925,21.164021164021165
IRCTC,Mar 2018,1466,221,-3.552631578947374,-3.4934497816593857
IRCTC,Mar 2019,1870,309,27.557980900409284,39.81900452488687
IRCTC,Mar 2020,2264,513,21.06951871657754,66.01941747572815
IRCTC,Mar 2021,777,187,-65.68021201413427,-63.5477582846004
IRCTC,Mar 2022,1879,660,141.82754182754184,252.94117647058823
IRCTC,Mar 2023,3541,1006,88.45130388504523,52.424242424242415
IRCTC,Mar 2024,4270,1111,20.58740468794127,10.437375745526833
IRCTC,TTM,4455,1200,4.332552693208425,8.01080108010801
IRFC,Mar 2013,5550,522,,
IRFC,Mar 2014,6197,701,11.65765765765765,34.2911877394636
IRFC,Mar 2015,6939,758,11.973535581733085,8.131241084165474
IRFC,Mar 2016,7507,849,8.185617524138934,12.005277044854878
IRFC,Mar 2017,9047,934,20.5141867590249,10.011778563015316
IRFC,Mar 2018,9267,2055,2.4317453299436353,120.02141327623126
IRFC,Mar 2019,11134,2255,20.14675731088811,9.73236009732361
IRFC,Mar 2020,13421,3192,20.540686186455904,41.55210643015521
IRFC,Mar 2021,15771,4416,17.509872587735643,38.345864661654126
IRFC,Mar 2022,20299,6090,28.710925115718734,37.90760869565217
IRFC,Mar 2023,23722,6167,16.862899650229068,1.2643678160919603
IRFC,Mar 2024,26645,6412,12.321895287075279,3.9727582292849117
IRFC,TTM,26902,6537,0.9645336836179297,1.9494697442295594
ITC,Mar 2013,31618,7704,,
ITC,Mar 2014,35306,9001,11.664241887532413,16.835410176531674
ITC,Mar 2015,38817,9779,9.944485356596623,8.643484057326955
ITC,Mar 2016,39192,9501,0.966071566581661,-2.8428264648737045
ITC,Mar 2017,42768,10477,9.124311083894664,10.272602883906966
ITC,Mar 2018,43449,11493,1.592312008978669,9.697432471127222
ITC,Mar 2019,48340,12836,11.256875877465532,11.685373705733927
ITC,Mar 2020,49388,15593,2.167976830781959,21.478653786226243
ITC,Mar 2021,49257,13383,-0.265246618611803,-14.173026357981144
ITC,Mar 2022,60645,15503,23.119556611243077,15.840992303668845
ITC,Mar 2023,70919,19477,16.94121526918955,25.633748306779335
ITC,Mar 2024,70866,20751,-0.0747331462654599,6.541048416080497
ITC,TTM,75135,20829,6.024045381424092,0.37588549949401084
JINDALSTEL,Mar 2013,19807,2952,,
JINDALSTEL,Mar 2014,19286,1896,-2.630383197859343,-35.77235772357723
JINDALSTEL,Mar 2015,19401,-1452,0.5962874624079628,-176.58227848101268
JINDALSTEL,Mar 2016,19469,-3087,0.3504973970413827,112.60330578512398
JINDALSTEL,Mar 2017,21603,-2538,10.961014946838565,-17.784256559766764
JINDALSTEL,Mar 2018,33286,-1616,54.080451789103364,-36.327817178881006
JINDALSTEL,Mar 2019,46966,-2412,41.098359670732435,49.257425742574256
JINDALSTEL,Mar 2020,37923,-400,-19.254354213686497,-83.41625207296849
JINDALSTEL,Mar 2021,34579,4267,-8.817867784721678,-1166.75
JINDALSTEL,Mar 2022,51166,6766,47.96842013939096,58.56573705179282
JINDALSTEL,Mar 2023,53212,3974,3.998749169370286,-41.26514927579071
JINDALSTEL,Mar 2024,50354,5943,-5.370968954371191,49.54705586311021
JINDALSTEL,TTM,50019,5060,-0.6652897485800557,-14.857815917886585
JIOFIN,Mar 2023,45,31,,
JIOFIN,Mar 2024,1855,1605,4022.222222222222,5077.419354838709
JIOFIN,TTM,1968,1607,6.091644204851754,0.12461059190032042
JSWENERGY,Mar 2013,8870,901,,
JSWENERGY,Mar 2014,8648,760,-2.5028184892897376,-15.649278579356274
JSWENERGY,Mar 2015,9347,1358,8.082793709528225,78.68421052631578
JSWENERGY,Mar 2016,9824,1460,5.103241681823034,7.511045655375548
JSWENERGY,Mar 2017,8263,623,-15.889657980456029,-57.32876712328767
JSWENERGY,Mar 2018,8049,85,-2.5898584049376727,-86.35634028892456
JSWENERGY,Mar 2019,9138,684,13.529631010063369,704.7058823529412
JSWENERGY,Mar 2020,8273,1081,-9.465966294594008,58.04093567251463
JSWENERGY,Mar 2021,6922,823,-16.330230871509734,-23.866790009250693
JSWENERGY,Mar 2022,8167,1743,17.986131175960708,111.78614823815312
JSWENERGY,Mar 2023,10332,1480,26.509122076649927,-15.088927137119912
JSWENERGY,Mar 2024,11486,1725,11.169183120402625,16.554054054054056
JSWENERGY,TTM,11416,1988,-0.6094375761796944,15.246376811594198
JSWSTEEL,Mar 2013,38210,929,,
JSWSTEEL,Mar 2014,51220,402,34.0486783564512,-56.727664155005385
JSWSTEEL,Mar 2015,52972,1722,3.4205388520109237,328.35820895522386
JSWSTEEL,Mar 2016,41546,-481,-21.56988597749755,-127.93263646922183
JSWSTEEL,Mar 2017,55604,3467,33.83719250950754,-820.7900207900208
JSWSTEEL,Mar 2018,71933,6113,29.366592331486952,76.3195846553216
JSWSTEEL,Mar 2019,84757,7524,17.827700777112042,23.081956486176992
JSWSTEEL,Mar 2020,73326,3919,-13.486791651427021,-47.91334396597554
JSWSTEEL,Mar 2021,79839,7873,8.882251861549783,100.89308497065579
JSWSTEEL,Mar 2022,146371,20938,83.33270707298439,165.9469071510225
JSWSTEEL,Mar 2023,165960,4139,13.383115507853338,-80.23211385996753
JSWSTEEL,Mar 2024,175006,8973,5.450711014702336,116.79149553032136
JSWSTEEL,TTM,170274,3312,-2.703907294607044,-63.08926780341023
KOTAKBANK,Mar 2013,10838,2238,,
KOTAKBANK,Mar 2014,11986,2527,10.592360214061625,12.913315460232354
KOTAKBANK,Mar 2015,13319,3105,11.1213081928917,22.872971903442817
KOTAKBANK,Mar 2016,20402,3524,53.17966814325399,13.494363929146536
KOTAKBANK,Mar 2017,22324,5019,9.420645034800511,42.42338251986379
KOTAKBANK,Mar 2018,25131,6258,12.573911485396883,24.68619246861925
KOTAKBANK,Mar 2019,29831,7204,18.702001512076727,15.116650687120492
KOTAKBANK,Mar 2020,33474,8593,12.212128322885585,19.280955024986124
KOTAKBANK,Mar 2021,32820,9990,-1.953755153253267,16.257418829279647
KOTAKBANK,Mar 2022,33741,12089,2.806215722120653,21.011011011011014
KOTAKBANK,Mar 2023,42151,14925,24.925165229246325,23.45934320456613
KOTAKBANK,Mar 2024,56237,18213,33.41794975208181,22.03015075376884
KOTAKBANK,TTM,64053,22530,13.898323168021044,23.702849612913845
LICI,Mar 2019,571508,2627,,
LICI,Mar 2020,628043,2710,9.892249977253154,3.15949752569471
LICI,Mar 2021,690914,2974,10.010620291922677,9.741697416974171
LICI,Mar 2022,723606,4125,4.731703222108674,38.7020847343645
LICI,Mar 2023,784628,35997,8.433042290970505,772.6545454545455
LICI,Mar 2024,845966,40916,7.817462542759124,13.665027641192328
LICI,TTM,896106,41468,5.926952147012998,1.349105484407076
LODHA,Mar 2011,2173,264,,
LODHA,Mar 2012,2954,381,35.94109526000921,44.31818181818181
LODHA,Mar 2015,6236,798,111.10358835477321,109.44881889763778
LODHA,Mar 2016,8249,703,32.28030788967287,-11.904761904761907
LODHA,Mar 2017,7926,584,-3.9156261365013934,-16.92745376955903
LODHA,Mar 2018,9677,794,22.091849608882153,35.95890410958904
LODHA,Mar 2019,11907,1644,23.04433192104991,107.0528967254408
LODHA,Mar 2020,12443,742,4.5015537079029055,-54.866180048661796
LODHA,Mar 2021,5449,48,-56.2083098931126,-93.53099730458221
LODHA,Mar 2022,9233,1208,69.44393466691136,2416.666666666667
LODHA,Mar 2023,9470,490,2.566879670746247,-59.437086092715234
LODHA,Mar 2024,10316,1554,8.933474128827879,217.14285714285714
LODHA,TTM,13574,2511,31.582008530438156,61.58301158301158
LT,Mar 2013,74426,5291,,
LT,Mar 2014,85054,4885,14.279955929379518,-7.673407673407673
LT,Mar 2015,91929,4966,8.083100148141176,1.6581371545547618
LT,Mar 2016,101122,4592,10.000108779601646,-7.531212243254126
LT,Mar 2017,109312,6486,8.099127786238402,41.245644599303134
LT,Mar 2018,119683,8004,9.487521955503508,23.404255319148938
LT,Mar 2019,135220,10217,12.981793571350986,27.64867566216891
LT,Mar 2020,145452,10894,7.566927969235326,6.626211216599787
LT,Mar 2021,135979,12921,-6.512801474025798,18.606572425188173
LT,Mar 2022,156521,10419,15.106744423771312,-19.363826329231483
LT,Mar 2023,183341,12531,17.135080915659874,20.270659372300614
LT,Mar 2024,221113,15547,20.602047550738778,24.06831058973744
LT,TTM,238881,16150,8.035710247701399,3.8785617804077965
LTIM,Mar 2013,3851,562,,
LTIM,Mar 2014,4920,996,27.75902363022591,77.22419928825623
LTIM,Mar 2015,4978,769,1.1788617886178798,-22.791164658634532
LTIM,Mar 2016,5846,836,17.43672157492968,8.712613784135236
LTIM,Mar 2017,6501,971,11.20424221690044,16.148325358851668
LTIM,Mar 2018,7306,1112,12.38271035225349,14.521112255406798
LTIM,Mar 2019,9446,1516,29.2909937038051,36.33093525179856
LTIM,Mar 2020,10879,1520,15.170442515350402,0.26385224274405594
LTIM,Mar 2021,12370,1938,13.705303796304813,27.499999999999993
LTIM,Mar 2022,26109,3950,111.06709781729992,103.8183694530444
LTIM,Mar 2023,33183,4410,27.094105480868656,11.64556962025316
LTIM,Mar 2024,35517,4585,7.0337220866106165,3.9682539682539764
LTIM,TTM,37129,4574,4.538671622040158,-0.2399127589967298
M&M,Mar 2013,68693,4129,,
M&M,Mar 2014,74001,5154,7.727133769088557,24.824412690724152
M&M,Mar 2015,71448,3381,-3.449953379008397,-34.40046565774156
M&M,Mar 2016,75841,3554,6.14852760049267,5.116829340431828
M&M,Mar 2017,83773,4051,10.458722854392732,13.98424310635904
M&M,Mar 2018,92094,7958,9.932794575817994,96.44532214268082
M&M,Mar 2019,104721,6017,13.710990944035451,-24.39055038954511
M&M,Mar 2020,75382,-321,-28.01634820141137,-105.33488449393384
M&M,Mar 2021,74278,1512,-1.4645406065108335,-571.0280373831775
M&M,Mar 2022,90171,7253,21.3966450362153,379.6957671957672
M&M,Mar 2023,121269,11374,34.48780650098146,56.817868468220055
M&M,Mar 2024,139078,12270,14.685533813258122,7.87761561455953
M&M,TTM,145893,13009,4.900127985734626,6.0228198859005655
MARUTI,Mar 2013,44304,2470,,
MARUTI,Mar 2014,44542,2854,0.537197544239798,15.54655870445345
MARUTI,Mar 2015,50801,3809,14.051906066184717,33.46180798878766
MARUTI,Mar 2016,57589,5497,13.36194169406113,44.31609346285115
MARUTI,Mar 2017,68085,7511,18.225702825192315,36.63816627251229
MARUTI,Mar 2018,79809,7881,17.21965190570611,4.92610837438423
MARUTI,Mar 2019,86068,7651,7.842473906451652,-2.918411369115592
MARUTI,Mar 2020,75660,5678,-12.09276386113306,-25.787478760946282
MARUTI,Mar 2021,70372,4389,-6.98916204070843,-22.701655512504402
MARUTI,Mar 2022,88330,3880,25.518672199170123,-11.597174755069496
MARUTI,Mar 2023,118410,8264,34.05411524963207,112.98969072164948
MARUTI,Mar 2024,141858,13488,19.80238155561185,63.21393998063891
MARUTI,TTM,145213,14021,2.365041097435472,3.951660735468554
MOTHERSON,Mar 2013,25298,452,,
MOTHERSON,Mar 2014,30414,1097,20.222942525100795,142.69911504424778
MOTHERSON,Mar 2015,34661,1292,13.963963963963955,17.77575205104831
MOTHERSON,Mar 2016,37216,1774,7.3713972476270095,37.30650154798762
MOTHERSON,Mar 2017,42376,2172,13.865004299226147,22.43517474633596
MOTHERSON,Mar 2018,56303,2260,32.86530111383803,4.051565377532218
MOTHERSON,Mar 2019,63523,2098,12.823472994334217,-7.168141592920351
MOTHERSON,Mar 2020,60729,1294,-4.39840687624955,-38.322211630123924
MOTHERSON,Mar 2021,57370,1569,-5.531130102586901,21.251931993817628
MOTHERSON,Mar 2022,63774,1182,11.162628551507758,-24.665391969407267
MOTHERSON,Mar 2023,78788,1670,23.542509486624642,41.28595600676819
MOTHERSON,Mar 2024,98692,3020,25.262730365030215,80.83832335329342
MOTHERSON,TTM,109382,4123,10.831678352855345,36.52317880794702
NAUKRI,Mar 2013,472,76,,
NAUKRI,Mar 2014,567,60,20.1271186440678,-21.052631578947366
NAUKRI,Mar 2015,732,-14,29.100529100529094,-123.33333333333334
NAUKRI,Mar 2016,748,118,2.1857923497267784,-942.8571428571429
NAUKRI,Mar 2017,888,-43,18.71657754010696,-136.44067796610167
NAUKRI,Mar 2018,988,501,11.261261261261257,-1265.1162790697674
NAUKRI,Mar 2019,1151,592,16.49797570850202,18.16367265469061
NAUKRI,Mar 2020,1312,-246,13.987836663770636,-141.55405405405406
NAUKRI,Mar 2021,1128,1418,-14.02439024390244,-676.4227642276423
NAUKRI,Mar 2022,1589,12882,40.86879432624113,808.4626234132581
NAUKRI,Mar 2023,2346,-70,47.64002517306483,-100.54339388293742
NAUKRI,Mar 2024,2536,595,8.098891730605295,-950.0
NAUKRI,TTM,2662,551,4.96845425867507,-7.394957983193273
NESTLEIND,Dec 2013,9101,1117,,
NESTLEIND,Dec 2014,9855,1185,8.284803867706847,6.08773500447628
NESTLEIND,Dec 2015,8175,563,-17.04718417047184,-52.48945147679325
NESTLEIND,Dec 2016,9141,1001,11.816513761467885,77.797513321492
NESTLEIND,Dec 2017,10010,1225,9.506618531889298,22.377622377622373
NESTLEIND,Dec 2018,11292,1607,12.807192807192802,31.183673469387752
NESTLEIND,Dec 2019,12369,1968,9.537725823591913,22.4642190416926
NESTLEIND,Dec 2020,13350,2082,7.931118117875324,5.792682926829262
NESTLEIND,Dec 2021,14741,2118,10.419475655430709,1.729106628242083
NESTLEIND,Dec 2022,16897,2391,14.625873414286694,12.889518413597735
NESTLEIND,Dec 2023,19126,2999,13.191690832692204,25.428690924299445
NESTLEIND,Mar 2024,24394,3933,27.54365784795567,31.14371457152385
NESTLEIND,TTM,19786,3323,-18.889890956792655,-15.509788965166537
NHPC,Mar 2013,6381,2873,,
NHPC,Mar 2014,7389,1633,15.796897038081802,-43.160459450052215
NHPC,Mar 2015,8221,2798,11.259981052916501,71.3410900183711
NHPC,Mar 2016,8354,2365,1.6178080525483418,-15.475339528234455
NHPC,Mar 2017,8623,3480,3.2200143643763557,47.14587737843552
NHPC,Mar 2018,7755,2785,-10.06610228458773,-19.97126436781609
NHPC,Mar 2019,8983,2836,15.834945196647322,1.8312387791741491
NHPC,Mar 2020,10008,3345,11.410441945897798,17.94781382228492
NHPC,Mar 2021,9648,3600,-3.597122302158273,7.623318385650224
NHPC,Mar 2022,9144,3774,-5.223880597014929,4.833333333333334
NHPC,Mar 2023,10607,4261,15.999562554680669,12.904080551139385
NHPC,Mar 2024,9632,4028,-9.192042990477988,-5.468199953062658
NHPC,TTM,9690,3417,0.6021594684385345,-15.16881827209533
NTPC,Mar 2013,71518,12586,,
NTPC,Mar 2014,78330,11403,9.524874856679432,-9.399332591768628
NTPC,Mar 2015,79957,9992,2.077109664241039,-12.373936683328946
NTPC,Mar 2016,73396,10781,-8.205660542541615,7.8963170536429095
NTPC,Mar 2017,82042,10714,11.779933511363016,-0.6214636861144651
NTPC,Mar 2018,88083,10502,7.363301723507476,-1.9787194325182056
NTPC,Mar 2019,100287,14034,13.855113926637387,33.63168920205675
NTPC,Mar 2020,109464,11902,9.150737383708751,-15.191677354995015
NTPC,Mar 2021,111531,14969,1.8882920412190307,25.768778356578736
NTPC,Mar 2022,132669,16960,18.952578206955906,13.300821698176236
NTPC,Mar 2023,176207,17121,32.81701075609222,0.9492924528301971
NTPC,Mar 2024,178501,21332,1.301877904964055,24.59552596226855
NTPC,TTM,185892,22546,4.1405930498988885,5.690980686292901
ONGC,Mar 2013,161984,23994,,
ONGC,Mar 2014,174121,26665,7.4927153299091165,11.131949654080199
ONGC,Mar 2015,160923,17703,-7.579786470328109,-33.6096006000375
ONGC,Mar 2016,124036,13102,-22.922142888213614,-25.989945207027056
ONGC,Mar 2017,282506,29169,127.76129510787189,122.63013280415205
ONGC,Mar 2018,322706,26068,14.229786270026112,-10.63114950803936
ONGC,Mar 2019,421624,33938,30.652668373070235,30.19027159736074
ONGC,Mar 2020,396728,11456,-5.904787203764494,-66.24432789203843
ONGC,Mar 2021,303849,21360,-23.41125405819604,86.45251396648044
ONGC,Mar 2022,491246,49294,61.67438431589376,130.77715355805242
ONGC,Mar 2023,632291,32778,28.711684166385076,-33.50509189759403
ONGC,Mar 2024,591396,57101,-6.4677498177263315,74.20525962535847
ONGC,TTM,658694,42320,11.379515586848754,-25.885711283515178
PFC,Mar 2013,17314,4438,,
PFC,Mar 2014,21407,5462,23.63982904008317,23.073456511942325
PFC,Mar 2015,24988,6004,16.72817302751437,9.923105089710727
PFC,Mar 2016,27861,6184,11.497518809028339,2.9980013324450328
PFC,Mar 2017,27581,2236,-1.0049890527978222,-63.84217335058216
PFC,Mar 2018,48624,8797,76.29527573329466,293.4257602862254
PFC,Mar 2019,54106,12640,11.274267851266861,43.68534727748097
PFC,Mar 2020,62189,9477,14.939193435108855,-25.023734177215186
PFC,Mar 2021,71656,15716,15.222949396195462,65.83306953677324
PFC,Mar 2022,76262,18768,6.427933459863788,19.419699669127
PFC,Mar 2023,77684,21179,1.8646245836720698,12.846334185848264
PFC,Mar 2024,91508,26461,17.79517017661294,24.93979885735871
PFC,TTM,98152,28248,7.260567382086802,6.75333509693512
PIDILITIND,Mar 2013,3678,424,,
PIDILITIND,Mar 2014,4283,450,16.44915715062534,6.132075471698117
PIDILITIND,Mar 2015,4844,514,13.098295587205232,14.222222222222225
PIDILITIND,Mar 2016,5361,807,10.672997522708517,57.003891050583654
PIDILITIND,Mar 2017,5617,863,4.775228502145112,6.9392812887236754
PIDILITIND,Mar 2018,6078,966,8.207228057682038,11.935110081112388
PIDILITIND,Mar 2019,7078,928,16.45278051990786,-3.9337474120082816
PIDILITIND,Mar 2020,7294,1122,3.0517095224639634,20.905172413793103
PIDILITIND,Mar 2021,7293,1126,-0.013709898546754307,0.35650623885918886
PIDILITIND,Mar 2022,9921,1207,36.0345536816125,7.193605683836579
PIDILITIND,Mar 2023,11799,1289,18.92954339280315,6.793703396851702
PIDILITIND,Mar 2024,12383,1747,4.9495719976269115,35.53141970519782
PIDILITIND,TTM,12901,1973,4.183154324477112,12.936462507155122
PNB,Mar 2013,43071,5020,,
PNB,Mar 2014,44958,3674,4.381138120777317,-26.81274900398406
PNB,Mar 2015,48710,3525,8.345566973619833,-4.055525313010344
PNB,Mar 2016,50804,-3510,4.298911927735571,-199.57446808510636
PNB,Mar 2017,48058,1239,-5.405086213683963,-135.2991452991453
PNB,Mar 2018,48725,-12111,1.3879062799117658,-1077.4818401937046
PNB,Mar 2019,52147,-9550,7.023088763468444,-21.146065560234494
PNB,Mar 2020,54918,485,5.313824381076571,-105.07853403141361
PNB,Mar 2021,81935,2695,49.19516369860519,455.6701030927835
PNB,Mar 2022,76242,3908,-6.948190638921092,45.009276437847866
PNB,Mar 2023,86845,3359,13.907032869022329,-14.04810644831116
PNB,Mar 2024,109065,9157,25.58581380620646,172.61089610002975
PNB,TTM,116126,14535,6.474120937055883,58.73102544501474
POWERGRID,Mar 2013,13081,4313,,
POWERGRID,Mar 2014,15555,4548,18.91292714624264,5.4486436355205115
POWERGRID,Mar 2015,17540,5046,12.761170041787206,10.949868073878633
POWERGRID,Mar 2016,20652,5959,17.74230330672748,18.093539437177952
POWERGRID,Mar 2017,25697,7451,24.42862676738331,25.03775801308945
POWERGRID,Mar 2018,29954,8204,16.56613612483948,10.106026036773596
POWERGRID,Mar 2019,35059,10034,17.042798958402884,22.306192101413934
POWERGRID,Mar 2020,37744,11059,7.658518497390121,10.215268088499109
POWERGRID,Mar 2021,39640,12036,5.023314963967773,8.83443349308255
POWERGRID,Mar 2022,41622,16824,5.000000000000004,39.780658025922236
POWERGRID,Mar 2023,45603,15420,9.56465330834655,-8.345221112696144
POWERGRID,Mar 2024,45843,15573,0.526281165712783,0.9922178988326813
POWERGRID,TTM,45812,15712,-0.06762210152040371,0.892570474539256
RECLTD,Mar 2013,13634,3833,,
RECLTD,Mar 2014,17223,4741,26.32389614199795,23.68901643621184
RECLTD,Mar 2015,20544,5344,19.28235499041979,12.71883568867327
RECLTD,Mar 2016,24125,5691,17.430880062305288,6.493263473053901
RECLTD,Mar 2017,24338,6313,0.8829015544041363,10.929537866807237
RECLTD,Mar 2018,22658,4451,-6.902785767113151,-29.49469348962458
RECLTD,Mar 2019,25408,5741,12.136993556359776,28.982251179510232
RECLTD,Mar 2020,29942,4972,17.84477329974812,-13.394878940951049
RECLTD,Mar 2021,35557,8378,18.752922316478514,68.50362027353178
RECLTD,Mar 2022,39276,10036,10.459262592457176,19.78992599665792
RECLTD,Mar 2023,39486,11167,0.5346776657500829,11.269430051813467
RECLTD,Mar 2024,47517,14145,20.338854277465423,26.667860660875785
RECLTD,TTM,51490,14885,8.36121809036765,5.231530576175336
RELIANCE,Mar 2013,395957,20886,,
RELIANCE,Mar 2014,433521,22548,9.4868887278164,7.95748348175811
RELIANCE,Mar 2015,374372,23640,-13.643860389692774,4.843001596593943
RELIANCE,Mar 2016,272583,29861,-27.189266291282465,26.315566835871394
RELIANCE,Mar 2017,303954,29833,11.508788148930794,-0.09376779076387676
RELIANCE,Mar 2018,390823,36080,28.579653500200685,20.939898769818655
RELIANCE,Mar 2019,568337,39837,45.420561225925795,10.412971175166309
RELIANCE,Mar 2020,596679,39880,4.986829996991227,0.10793985490875624
RELIANCE,Mar 2021,466307,53739,-21.849604226057895,34.75175526579739
RELIANCE,Mar 2022,694673,67845,48.97331586272562,26.24909283760397
RELIANCE,Mar 2023,876396,74088,26.159502384575184,9.201857174441752
RELIANCE,Mar 2024,899041,79020,2.58387760783938,6.65694849368319
RELIANCE,TTM,939838,79941,4.537835315630767,1.1655277145026677
SBILIFE,Mar 2013,14870,630,,
SBILIFE,Mar 2014,17258,728,16.059179556153325,15.555555555555545
SBILIFE,Mar 2015,23399,815,35.583497508401905,11.950549450549453
SBILIFE,Mar 2016,19324,844,-17.415274157015258,3.5582822085889587
SBILIFE,Mar 2017,30548,955,58.08321258538604,13.151658767772512
SBILIFE,Mar 2018,34068,1150,11.522849286368997,20.418848167539274
SBILIFE,Mar 2019,44604,1327,30.926382529059527,15.391304347826097
SBILIFE,Mar 2020,43798,1422,-1.8070128239619732,7.159005275056529
SBILIFE,Mar 2021,81913,1456,87.02452166765606,2.390998593530247
SBILIFE,Mar 2022,82983,1506,1.3062639629851214,3.434065934065944
SBILIFE,Mar 2023,80636,1721,-2.828290131713729,14.276228419654725
SBILIFE,Mar 2024,131988,1894,63.68371446996379,10.052295177222547
SBILIFE,TTM,130073,2411,-1.4508894748007428,27.296726504751856
SBIN,Mar 2013,167976,18555,,
SBIN,Mar 2014,189062,14807,12.552983759584713,-20.19940716787928
SBIN,Mar 2015,207974,17832,10.003067776708164,20.429526575268465
SBIN,Mar 2016,220633,13019,6.0868185446257606,-26.990803050695376
SBIN,Mar 2017,230447,-97,4.448110663409377,-100.74506490513863
SBIN,Mar 2018,228970,-3749,-0.6409282828589657,3764.9484536082477
SBIN,Mar 2019,253322,3351,10.63545442634406,-189.3838356895172
SBIN,Mar 2020,269852,21140,6.525291920954368,530.8564607579827
SBIN,Mar 2021,278115,23888,3.0620488267643076,12.999053926206239
SBIN,Mar 2022,289973,37183,4.2637038635096935,55.655559276624246
SBIN,Mar 2023,350845,57750,20.992299283036697,55.3129118145389
SBIN,Mar 2024,439189,69543,25.180350297139764,20.420779220779227
SBIN,TTM,469625,74461,6.930046062173689,7.071883582819272
SHREECEM,Jun 2013,5418,1004,,
SHREECEM,Jun 2014,5715,787,5.481727574750828,-21.613545816733073
SHREECEM,Jun 2015,6259,426,9.518810148731415,-45.870393900889454
SHREECEM,Mar 2016 9m,5514,1143,-11.902859881770256,168.3098591549296
SHREECEM,Mar 2017,8594,1339,55.85781646717447,17.147856517935267
SHREECEM,Mar 2018,9833,1384,14.417035140795909,3.3607169529499714
SHREECEM,Mar 2019,12555,1015,27.68229431506153,-26.661849710982654
SHREECEM,Mar 2020,12868,1544,2.49303066507367,52.11822660098522
SHREECEM,Mar 2021,13560,2337,5.37768106931924,51.36010362694301
SHREECEM,Mar 2022,15010,1269,10.693215339233042,-45.699614890885755
SHREECEM,Mar 2023,17852,2369,18.93404397068621,86.68242710795901
SHREECEM,Mar 2024,20521,1733,14.950705803271337,-26.846770789362594
SHREECEM,TTM,19802,1733,-3.50372788850446,0.0
SHRIRAMFIN,Mar 2013,7009,1463,,
SHRIRAMFIN,Mar 2014,8476,1358,20.93023255813953,-7.177033492822971
SHRIRAMFIN,Mar 2015,9177,1028,8.270410571024067,-24.300441826215025
SHRIRAMFIN,Mar 2016,10359,1184,12.880026152337365,15.175097276264582
SHRIRAMFIN,Mar 2017,10903,1266,5.251472149821401,6.92567567567568
SHRIRAMFIN,Mar 2018,13502,2549,23.837475924057607,101.34281200631912
SHRIRAMFIN,Mar 2019,15536,2576,15.064434898533552,1.0592389172224381
SHRIRAMFIN,Mar 2020,16561,2512,6.597579814624099,-2.4844720496894457
SHRIRAMFIN,Mar 2021,17422,2499,5.19896141537346,-0.5175159235668803
SHRIRAMFIN,Mar 2022,19255,2721,10.521180117093332,8.88355342136855
SHRIRAMFIN,Mar 2023,30492,6020,58.358867826538564,121.24219037118706
SHRIRAMFIN,Mar 2024,36388,7399,19.33621933621934,22.906976744186046
SHRIRAMFIN,TTM,39864,9454,9.552599758162028,27.77402351669145
SIEMENS,Sep 2011,11955,868,,
SIEMENS,Sep 2014,10678,603,-10.681723128398158,-30.52995391705069
SIEMENS,Sep 2015,10563,1174,-1.0769807079977545,94.69320066334991
SIEMENS,Sep 2016,10837,2914,2.59396004922845,148.21124361158434
SIEMENS,Sep 2017,11065,1137,2.103903294269638,-60.98146877144819
SIEMENS,Sep 2018,12795,901,15.634884771802993,-20.75637642919965
SIEMENS,Sep 2019,13084,1099,2.2586948026572795,21.97558268590456
SIEMENS,Sep 2020,9946,769,-23.98349128706817,-30.02729754322111
SIEMENS,Sep 2021,13198,1089,32.69656143173134,41.61248374512354
SIEMENS,Sep 2022,16138,1543,22.27610243976359,41.689623507805315
SIEMENS,Sep 2023,19554,1962,21.16743090841493,27.15489306545691
SIEMENS,Sep 2024,22240,2718,13.736319934540253,38.53211009174311
SUNPHARMA,Mar 2013,11131,3469,,
SUNPHARMA,Mar 2014,16080,3879,44.46141406881681,11.818968002306129
SUNPHARMA,Mar 2015,27392,5476,70.34825870646766,41.170404743490586
SUNPHARMA,Mar 2016,28487,5658,3.99751752336448,3.323593864134411
SUNPHARMA,Mar 2017,31578,7846,10.850563414891013,38.670908448214924
SUNPHARMA,Mar 2018,26489,2542,-16.115650136170757,-67.60132551618659
SUNPHARMA,Mar 2019,29066,3208,9.728566574804631,26.199842643587722
SUNPHARMA,Mar 2020,32838,4172,12.977361866097837,30.049875311720697
SUNPHARMA,Mar 2021,33498,2272,2.009866617942624,-45.54170661553212
SUNPHARMA,Mar 2022,38654,3389,15.39196369932534,49.1637323943662
SUNPHARMA,Mar 2023,43886,8513,13.535468515548189,151.19504278548246
SUNPHARMA,Mar 2024,48497,9610,10.506767534065542,12.88617408669095
SUNPHARMA,TTM,50308,11117,3.7342516031919404,15.681581685744007
TATACONSUM,Mar 2013,7351,445,,
TATACONSUM,Mar 2014,7738,510,5.264589851720847,14.606741573033698
TATACONSUM,Mar 2015,7993,273,3.295425174463684,-46.470588235294116
TATACONSUM,Mar 2016,6637,-37,-16.964844238708864,-113.55311355311355
TATACONSUM,Mar 2017,6780,455,2.154587916227202,-1329.7297297297296
TATACONSUM,Mar 2018,6815,556,0.5162241887905594,22.197802197802208
TATACONSUM,Mar 2019,7252,457,6.4123257520176,-17.805755395683455
TATACONSUM,Mar 2020,9637,460,32.88747931605074,0.6564551422319376
TATACONSUM,Mar 2021,11602,930,20.39016291376985,102.17391304347827
TATACONSUM,Mar 2022,12425,1015,7.093604550939503,9.139784946236551
TATACONSUM,Mar 2023,13783,1320,10.929577464788732,30.04926108374384
TATACONSUM,Mar 2024,15206,1215,10.324312558949433,-7.954545454545459
TATACONSUM,TTM,16297,1170,7.174799421281075,-3.703703703703709
TATAMOTORS,Mar 2013,188793,9976,,
TATAMOTORS,Mar 2014,232834,14050,23.327665750319127,40.83801122694466
TATAMOTORS,Mar 2015,263159,14073,13.024300574658332,0.1637010676156514
TATAMOTORS,Mar 2016,273046,11678,3.757044220414274,-17.01840403609749
TATAMOTORS,Mar 2017,269693,7557,-1.2279982127553546,-35.28857681109779
TATAMOTORS,Mar 2018,291550,9091,8.104400188362316,20.299060473732954
TATAMOTORS,Mar 2019,301938,-28724,3.5630252100840254,-415.9608403915961
TATAMOTORS,Mar 2020,261068,-11975,-13.535891474408658,-58.310123938170165
TATAMOTORS,Mar 2021,249795,-13395,-4.31803208359508,11.858037578288094
TATAMOTORS,Mar 2022,278454,-11309,11.47300786645049,-15.572974990668165
TATAMOTORS,Mar 2023,345967,2690,24.245656374122838,-123.7863648421611
TATAMOTORS,Mar 2024,437928,31807,26.580858868042334,1082.4163568773233
TATAMOTORS,TTM,440061,33816,0.4870663670740294,6.316219700066017
TATAPOWER,Mar 2013,33177,123,,
TATAPOWER,Mar 2014,35726,12,7.683033426771568,-90.2439024390244
TATAPOWER,Mar 2015,33593,457,-5.970441695123996,3708.3333333333335
TATAPOWER,Mar 2016,29494,786,-12.20194683416188,71.99124726477024
TATAPOWER,Mar 2017,27588,1100,-6.4623313216247364,39.94910941475827
TATAPOWER,Mar 2018,26840,2611,-2.7113237639553422,137.36363636363635
TATAPOWER,Mar 2019,29881,2606,11.330104321907598,-0.19149751053236796
TATAPOWER,Mar 2020,29136,1316,-2.4932231183695364,-49.501151189562556
TATAPOWER,Mar 2021,32703,1439,12.242586490939033,9.346504559270507
TATAPOWER,Mar 2022,42816,2156,30.923768461609026,49.826268241834605
TATAPOWER,Mar 2023,55109,3810,28.711229446935715,76.71614100185529
TATAPOWER,Mar 2024,61449,4280,11.504472953601041,12.335958005249337
TATAPOWER,TTM,63489,4403,3.3198261973343746,2.87383177570093
TATASTEEL,Mar 2013,134712,-7272,,
TATASTEEL,Mar 2014,148614,3665,10.319793336896499,-150.39878987898788
TATASTEEL,Mar 2015,139504,-3939,-6.129974295826768,-207.47612551159617
TATASTEEL,Mar 2016,101965,-497,-26.908905837825436,-87.38258441228737
TATASTEEL,Mar 2017,112299,-4169,10.13485019369391,738.8329979879276
TATASTEEL,Mar 2018,123249,17743,9.75075468169797,-525.5936675461742
TATASTEEL,Mar 2019,157669,9122,27.92720427751949,-48.5881756185538
TATASTEEL,Mar 2020,139817,1174,-11.322454001737814,-87.13001534751152
TATASTEEL,Mar 2021,156294,8190,11.784689987626674,597.6149914821124
TATASTEEL,Mar 2022,243959,41749,56.089805110880775,409.7557997557997
TATASTEEL,Mar 2023,243353,8075,-0.24840239548448162,-80.65821935854751
TATASTEEL,Mar 2024,229171,-4910,-5.827748168298729,-160.80495356037153
TATASTEEL,TTM,221012,2527,-3.5602235884994227,-151.4663951120163
TCS,Mar 2013,62989,14076,,
TCS,Mar 2014,81809,19332,29.878232707298103,37.34015345268542
TCS,Mar 2015,94648,20060,15.693872312337277,3.7657769501344918
TCS,Mar 2016,108646,24338,14.78953596483814,21.326021934197414
TCS,Mar 2017,117966,26357,8.578318575925481,8.295669323691346
TCS,Mar 2018,123104,25880,4.355492260481841,-1.8097659065902771
TCS,Mar 2019,146463,31562,18.975012997140638,21.955177743431232
TCS,Mar 2020,156949,32447,7.1594873790650215,2.804004815917871
TCS,Mar 2021,164177,32562,4.605317650956686,0.35442413782476034
TCS,Mar 2022,191754,38449,16.79711530847805,18.079356304895278
TCS,Mar 2023,225458,42303,17.576686796624852,10.02366771567531
TCS,Mar 2024,240893,46099,6.846064455463985,8.973358863437575
TCS,TTM,252082,49006,4.64480080367633,6.305993622421302
TECHM,Mar 2013,6873,1307,,
TECHM,Mar 2014,18802,3062,173.5632183908046,134.27697016067327
TECHM,Mar 2015,22621,2659,20.311668971386034,-13.161332462442843
TECHM,Mar 2016,26494,3027,17.121259007117274,13.839789394509205
TECHM,Mar 2017,29141,2851,9.990941345210235,-5.814337628014532
TECHM,Mar 2018,30773,3786,5.600356885487812,32.79551034724657
TECHM,Mar 2019,34742,4289,12.89767003542066,13.285789751716859
TECHM,Mar 2020,36868,3897,6.11939439295377,-9.139659594311034
TECHM,Mar 2021,37855,4353,2.6771183682326116,11.701308698999235
TECHM,Mar 2022,44646,5630,17.939506009774142,29.33609005283713
TECHM,Mar 2023,53290,4857,19.361196971733197,-13.730017761989345
TECHM,Mar 2024,51996,2397,-2.4282229311315406,-50.6485484867202
TECHM,TTM,52476,3775,0.9231479344564919,57.488527325823945
TITAN,Mar 2013,10123,725,,
TITAN,Mar 2014,10927,735,7.942309592018182,1.379310344827589
TITAN,Mar 2015,11913,816,9.023519721790052,11.020408163265305
TITAN,Mar 2016,11276,675,-5.347099806933597,-17.279411764705888
TITAN,Mar 2017,13261,697,17.603760198651997,3.2592592592592506
TITAN,Mar 2018,16120,1102,21.55946007088454,58.10616929698709
TITAN,Mar 2019,19779,1389,22.6985111662531,26.043557168784037
TITAN,Mar 2020,21052,1493,6.4361191162343845,7.487401007919359
TITAN,Mar 2021,21644,974,2.8120843625308867,-34.7622237106497
TITAN,Mar 2022,28799,2198,33.057660321567184,125.66735112936347
TITAN,Mar 2023,40575,3274,40.890308691274015,48.95359417652412
TITAN,Mar 2024,51084,3496,25.900184842883544,6.780696395846064
TITAN,TTM,54458,3243,6.604807767598464,-7.236842105263152
TORNTPHARM,Mar 2013,3203,435,,
TORNTPHARM,Mar 2014,4172,664,30.252887917577276,52.64367816091955
TORNTPHARM,Mar 2015,4636,751,11.12176414189836,13.102409638554224
TORNTPHARM,Mar 2016,6687,1733,44.240724762726494,130.7589880159787
TORNTPHARM,Mar 2017,5816,934,-13.025272917601317,-46.10502019619157
TORNTPHARM,Mar 2018,5950,678,2.3039889958734516,-27.408993576017128
TORNTPHARM,Mar 2019,7673,436,28.957983193277315,-35.69321533923304
TORNTPHARM,Mar 2020,7939,1025,3.466701420565621,135.09174311926606
TORNTPHARM,Mar 2021,8005,1252,0.8313389595666854,22.146341463414632
TORNTPHARM,Mar 2022,8508,777,6.2835727670206065,-37.939297124600635
TORNTPHARM,Mar 2023,9620,1245,13.070051716031973,60.23166023166022
TORNTPHARM,Mar 2024,10728,1656,11.517671517671513,33.01204819277108
TORNTPHARM,TTM,11302,1862,5.350484712900827,12.43961352657006
TRENT,Mar 2013,2132,-27,,
TRENT,Mar 2014,2333,-19,9.427767354596629,-29.629629629629626
TRENT,Mar 2015,2284,129,-2.100300042863268,-778.9473684210526
TRENT,Mar 2016,1686,55,-26.182136602451845,-57.36434108527132
TRENT,Mar 2017,1812,85,7.4733096085409345,54.54545454545454
TRENT,Mar 2018,2157,87,19.03973509933774,2.35294117647058
TRENT,Mar 2019,2630,95,21.92860454334724,9.195402298850585
TRENT,Mar 2020,3486,106,32.547528517110266,11.578947368421044
TRENT,Mar 2021,2593,-181,-25.616752725186466,-270.75471698113205
TRENT,Mar 2022,4498,35,73.46702661010414,-119.33701657458565
TRENT,Mar 2023,8242,394,83.23699421965318,1025.7142857142858
TRENT,Mar 2024,12375,1477,50.14559572919195,274.8730964467005
TRENT,TTM,15025,1809,21.41414141414142,22.477995937711583
TVSMOTOR,Mar 2013,7510,198,,
TVSMOTOR,Mar 2014,8384,187,11.637816245006661,-5.555555555555558
TVSMOTOR,Mar 2015,10256,328,22.32824427480915,75.40106951871657
TVSMOTOR,Mar 2016,11377,429,10.930187207488306,30.79268292682926
TVSMOTOR,Mar 2017,12463,509,9.5455744045003,18.64801864801864
TVSMOTOR,Mar 2018,16340,665,31.108079916553,30.6483300589391
TVSMOTOR,Mar 2019,20160,725,23.378212974296208,9.022556390977442
TVSMOTOR,Mar 2020,18849,647,-6.502976190476195,-10.758620689655174
TVSMOTOR,Mar 2021,19421,608,3.0346437476789223,-6.02782071097373
TVSMOTOR,Mar 2022,24355,731,25.405488903763974,20.230263157894733
TVSMOTOR,Mar 2023,31974,1309,31.2831040854034,79.06976744186048
TVSMOTOR,Mar 2024,39145,1779,22.42759742290612,35.90527119938884
TVSMOTOR,TTM,42886,2094,9.556776088900243,17.706576728499158
ULTRACEMCO,Mar 2013,20514,2688,,
ULTRACEMCO,Mar 2014,20730,2213,1.0529394559812832,-17.671130952380953
ULTRACEMCO,Mar 2015,23306,2102,12.426435118186197,-5.015815634884769
ULTRACEMCO,Mar 2016,25153,2480,7.924997854629701,17.982873453853475
ULTRACEMCO,Mar 2017,25375,2714,0.8825984971971623,9.435483870967731
ULTRACEMCO,Mar 2018,30979,2224,22.0847290640394,-18.0545320560059
ULTRACEMCO,Mar 2019,41462,2400,33.839052261209204,7.913669064748197
ULTRACEMCO,Mar 2020,42430,5751,2.3346678886691397,139.62500000000003
ULTRACEMCO,Mar 2021,44726,5462,5.4112656139523985,-5.02521300643366
ULTRACEMCO,Mar 2022,52599,7334,17.602736663238396,34.27316001464664
ULTRACEMCO,Mar 2023,63240,5073,20.230422631608967,-30.82901554404145
ULTRACEMCO,Mar 2024,70908,7004,12.12523719165086,38.06426177804061
ULTRACEMCO,TTM,71317,6252,0.5768037456986619,-10.736721873215306
UNIONBANK,Mar 2013,25169,2146,,
UNIONBANK,Mar 2014,29394,1687,16.786523103818183,-21.388630009319666
UNIONBANK,Mar 2015,32164,1771,9.42369190991359,4.9792531120331995
UNIONBANK,Mar 2016,32316,1347,0.47257803755751393,-23.941276115189158
UNIONBANK,Mar 2017,32817,573,1.5503156331229118,-57.46102449888642
UNIONBANK,Mar 2018,32952,-5212,0.41137215467592636,-1009.5986038394415
UNIONBANK,Mar 2019,34314,-2922,4.133284777858703,-43.93706830391404
UNIONBANK,Mar 2020,37479,-3121,9.223640496590324,6.8104038329910965
UNIONBANK,Mar 2021,69311,2863,84.9328957549561,-191.73341877603335
UNIONBANK,Mar 2022,68230,5265,-1.5596369984562375,83.89800908138317
UNIONBANK,Mar 2023,81163,8512,18.955005129708336,61.67141500474833
UNIONBANK,Mar 2024,100376,13797,23.672116604856885,62.08881578947369
UNIONBANK,TTM,107058,16344,6.656969793576151,18.460534898891055
UNITDSPR,Mar 2013,10378,-105,,
UNITDSPR,Mar 2014,10508,-4489,1.2526498361919547,4175.238095238095
UNITDSPR,Mar 2015,9254,-1687,-11.933764750666153,-62.41924704834039
UNITDSPR,Mar 2016,8495,143,-8.201858655716443,-108.47658565500889
UNITDSPR,Mar 2017,8818,93,3.8022366097704596,-34.96503496503497
UNITDSPR,Mar 2018,8591,652,-2.574279882059427,601.0752688172043
UNITDSPR,Mar 2019,9341,684,8.73006634850424,4.907975460122693
UNITDSPR,Mar 2020,9325,621,-0.17128787067766105,-9.210526315789469
UNITDSPR,Mar 2021,8131,362,-12.804289544235925,-41.706924315619965
UNITDSPR,Mar 2022,9712,811,19.444102816381758,124.03314917127074
UNITDSPR,Mar 2023,10612,1126,9.26688632619439,38.840937114673245
UNITDSPR,Mar 2024,11321,1408,6.681115718055031,25.044404973357025
UNITDSPR,TTM,11821,1402,4.416570974295553,-0.42613636363636465
VBL,Dec 2012,1800,25,,
VBL,Dec 2013,2115,-40,17.500000000000004,-260.0
VBL,Dec 2014,2502,-20,18.297872340425524,-50.0
VBL,Dec 2015,3394,113,35.65147881694644,-665.0
VBL,Dec 2016,3861,48,13.759575721862106,-57.52212389380531
VBL,Dec 2017,4004,214,3.703703703703698,345.8333333333333
VBL,Dec 2018,5105,300,27.49750249750249,40.18691588785046
VBL,Dec 2019,7130,472,39.666993143976505,57.33333333333333
VBL,Dec 2020,6450,357,-9.537166900420758,-24.364406779661017
VBL,Dec 2021,8823,746,36.7906976744186,108.96358543417368
VBL,Dec 2022,13173,1550,49.30295817749064,107.77479892761393
VBL,Dec 2023,16043,2102,21.786988537159345,35.612903225806456
VBL,TTM,18987,2582,18.350682540671936,22.83539486203616
VEDL,Mar 2013,2749,2280,,
VEDL,Mar 2014,66152,11421,2306.4023281193163,400.92105263157896
VEDL,Mar 2015,73710,-11369,11.42520256379247,-199.54469836266526
VEDL,Mar 2016,64262,-17862,-12.817799484466153,57.111443398715814
VEDL,Mar 2017,72225,11316,12.391459960785545,-163.3523681558616
VEDL,Mar 2018,91866,13692,27.194184839044656,20.996818663838823
VEDL,Mar 2019,92048,9698,0.1981146452441518,-29.170318434122112
VEDL,Mar 2020,84447,-4744,-8.257648183556409,-148.9173025366055
VEDL,Mar 2021,88021,15032,4.232240340094973,-416.8634064080944
VEDL,Mar 2022,132732,23710,50.795832812624255,57.73017562533263
VEDL,Mar 2023,147308,14503,10.981526685350929,-38.831716575284695
VEDL,Mar 2024,143727,7539,-2.430960979715968,-48.0176515203751
VEDL,TTM,144448,15841,0.5016454806682002,110.12070566388115
WIPRO,Mar 2013,37430,6182,,
WIPRO,Mar 2014,43424,7991,16.01389259951911,29.26237463604011
WIPRO,Mar 2015,46951,8714,8.122236551215911,9.04767863846827
WIPRO,Mar 2016,51244,8957,9.143575216715295,2.7886160201973764
WIPRO,Mar 2017,55448,8518,8.203887284365008,-4.901194596405045
WIPRO,Mar 2018,54487,8003,-1.7331553888327855,-6.046020192533463
WIPRO,Mar 2019,59019,9018,8.31758034026464,12.68274397101088
WIPRO,Mar 2020,61138,9772,3.5903692031379775,8.361055666444894
WIPRO,Mar 2021,61935,10868,1.3036082305603713,11.215718379042162
WIPRO,Mar 2022,79312,12243,28.056833777347222,12.651821862348168
WIPRO,Mar 2023,90488,11366,14.091184183982254,-7.163276974597732
WIPRO,Mar 2024,89760,11112,-0.8045265670586166,-2.2347351750835798
WIPRO,TTM,88792,12488,-1.0784313725490158,12.38300935925125
ZOMATO,Mar 2018,466,-107,,
ZOMATO,Mar 2019,1313,-1010,181.75965665236055,843.9252336448599
ZOMATO,Mar 2020,2605,-2386,98.4006092916984,136.23762376237622
ZOMATO,Mar 2021,1994,-816,-23.45489443378119,-65.8005029337804
ZOMATO,Mar 2022,4192,-1222,110.23069207622869,49.754901960784316
ZOMATO,Mar 2023,7079,-971,68.8692748091603,-20.540098199672663
ZOMATO,Mar 2024,12114,351,71.12586523520272,-136.1483007209063
ZOMATO,TTM,17972,663,48.35727257718343,88.88888888888889
ZYDUSLIFE,Mar 2013,6358,690,,
ZYDUSLIFE,Mar 2014,7224,836,13.620635419943383,21.15942028985507
ZYDUSLIFE,Mar 2015,8651,1188,19.753599114064222,42.10526315789473
ZYDUSLIFE,Mar 2016,9427,1964,8.9700612645937,65.31986531986531
ZYDUSLIFE,Mar 2017,9376,1517,-0.5409992574520017,-22.759674134419548
ZYDUSLIFE,Mar 2018,11905,1810,26.973122866894194,19.314436387607124
ZYDUSLIFE,Mar 2019,13166,1899,10.592188156236881,4.917127071823213
ZYDUSLIFE,Mar 2020,14253,1204,8.256114233632083,-36.59820958399157
ZYDUSLIFE,Mar 2021,14404,2185,1.0594260857363258,81.47840531561461
ZYDUSLIFE,Mar 2022,15110,4618,4.90141627325742,111.35011441647595
ZYDUSLIFE,Mar 2023,17237,2092,14.076770350761091,-54.69900389779126
ZYDUSLIFE,Mar 2024,19547,3973,13.401403956604984,89.91395793499044
ZYDUSLIFE,TTM,21484,4439,9.909449020310014,11.729171910395175
