company_id,year,npm,opm,roe,roce
ABB,Dec 2012,8.771929824561402,12.220205686630369,34.9,46.0
ABB,Mar 2014,8.699472759226714,11.731107205623902,34.9,46.0
ABB,Mar 2015,10.004368719965049,13.630406290956751,34.9,46.0
ABB,Mar 2016,9.755164498852334,13.963274674827849,34.9,46.0
ABB,Mar 2017,9.541853255253187,13.709955218739237,34.9,46.0
ABB,Mar 2018,12.15888417222559,15.918738629472406,34.9,46.0
ABB,Mar 2019,12.231584669747214,16.444686055993476,34.9,46.0
ABB,Mar 2020,14.488150500855118,18.49499144881505,34.9,46.0
ABB,Mar 2021,16.03248259860789,21.392111368909514,34.9,46.0
ABB,Mar 2022,16.26297577854671,22.023203745165887,34.9,46.0
ABB,Mar 2023,17.74163395027108,22.546270330902974,34.9,46.0
ABB,Mar 2024,20.533424517011454,24.84185330825782,34.9,46.0
ABB,TTM,21.183646554566433,25.502802505769868,34.9,46.0
ADANIENSOL,Mar 2014,0.0,0.0,8.59,9.0
ADANIENSOL,Mar 2015,-5.343511450381679,77.09923664122137,8.59,9.0
ADANIENSOL,Mar 2016,16.773017319963536,87.83044667274385,8.59,9.0
ADANIENSOL,Mar 2017,14.464534075104313,68.94993045897078,8.59,9.0
ADANIENSOL,Mar 2018,28.98073022312373,71.65314401622717,8.59,9.0
ADANIENSOL,Mar 2019,7.652292950034223,38.02874743326489,8.59,9.0
ADANIENSOL,Mar 2020,6.184302733006307,37.29852838121934,8.59,9.0
ADANIENSOL,Mar 2021,12.996171670360667,39.79447914567802,8.59,9.0
ADANIENSOL,Mar 2022,10.978859477704743,37.360099484810796,8.59,9.0
ADANIENSOL,Mar 2023,9.636650868878357,33.98781313473256,8.59,9.0
ADANIENSOL,Mar 2024,7.201782380923707,34.38911302462817,8.59,9.0
ADANIENSOL,TTM,2.665278971899181,29.829404045431918,8.59,9.0
ADANIENT,Mar 2013,2.6264150943396225,12.983288409703503,13.64,11.6
ADANIENT,Mar 2014,4.815549529546654,17.07645549347553,13.64,11.6
ADANIENT,Mar 2015,3.564725044597844,19.312805398278137,13.64,11.6
ADANIENT,Mar 2016,2.9404845918607387,4.951776052693484,13.64,11.6
ADANIENT,Mar 2017,2.5319574083705145,5.206251881860236,13.64,11.6
ADANIENT,Mar 2018,1.653490702594366,5.673087629439929,13.64,11.6
ADANIENT,Mar 2019,1.2531266252259838,4.876297085118502,13.64,11.6
ADANIENT,Mar 2020,2.3961477317236133,5.285348939013432,13.64,11.6
ADANIENT,Mar 2021,2.645623087234742,6.338366593317652,13.64,11.6
ADANIENT,Mar 2022,1.135119562085854,5.3500432152117545,13.64,11.6
ADANIENT,Mar 2023,1.899012074643249,6.913909361768857,13.64,11.6
ADANIENT,Mar 2024,3.458790097592848,11.799296833677312,13.64,11.6
ADANIENT,TTM,5.948529483633235,13.579185033867326,13.64,11.6
ADANIGREEN,Mar 2017,-9.362549800796813,80.2788844621514,14.7,96.5
ADANIGREEN,Mar 2018,-9.324324324324325,56.95945945945946,14.7,96.5
ADANIGREEN,Mar 2019,-23.080660835762874,74.14965986394559,14.7,96.5
ADANIGREEN,Mar 2020,-2.6677128285602194,56.88505296194586,14.7,96.5
ADANIGREEN,Mar 2021,5.8258642765685025,71.73495518565942,14.7,96.5
ADANIGREEN,Mar 2022,9.526592635885448,68.42002727449834,14.7,96.5
ADANIGREEN,Mar 2023,12.512860082304528,63.91460905349794,14.7,96.5
ADANIGREEN,Mar 2024,13.665943600867678,79.3709327548807,14.7,96.5
ADANIGREEN,TTM,17.881654609534408,75.12520868113522,14.7,96.5
ADANIPORTS,Mar 2013,45.820519988817445,66.59211629857423,18.1,12.9
ADANIPORTS,Mar 2014,36.04554865424431,60.43478260869565,18.1,12.9
ADANIPORTS,Mar 2015,37.77633289986996,63.42652795838751,18.1,12.9
ADANIPORTS,Mar 2016,40.17442678295119,64.38317625545083,18.1,12.9
ADANIPORTS,Mar 2017,46.23770588932338,64.20191965872733,18.1,12.9
ADANIPORTS,Mar 2018,32.588536606906295,63.20763048662016,18.1,12.9
ADANIPORTS,Mar 2019,37.02517162471396,60.37528604118994,18.1,12.9
ADANIPORTS,Mar 2020,31.8790533142424,50.08843594710688,18.1,12.9
ADANIPORTS,Mar 2021,40.23107569721115,69.22709163346613,18.1,12.9
ADANIPORTS,Mar 2022,28.93276476429698,55.65745662713943,18.1,12.9
ADANIPORTS,Mar 2023,25.85363514291195,52.498561289084975,18.1,12.9
ADANIPORTS,Mar 2024,30.339560480700833,58.36172363445772,18.1,12.9
ADANIPORTS,TTM,34.25447386000071,60.348767710860315,18.1,12.9
ADANIPORTS,Mar 2013,45.820519988817445,66.59211629857423,18.1,12.9
ADANIPORTS,Mar 2014,36.04554865424431,60.43478260869565,18.1,12.9
ADANIPORTS,Mar 2015,37.77633289986996,63.42652795838751,18.1,12.9
ADANIPORTS,Mar 2016,40.17442678295119,64.38317625545083,18.1,12.9
ADANIPORTS,Mar 2017,46.23770588932338,64.20191965872733,18.1,12.9
ADANIPORTS,Mar 2018,32.588536606906295,63.20763048662016,18.1,12.9
ADANIPORTS,Mar 2019,37.02517162471396,60.37528604118994,18.1,12.9
ADANIPORTS,Mar 2020,31.8790533142424,50.08843594710688,18.1,12.9
ADANIPORTS,Mar 2021,40.23107569721115,69.22709163346613,18.1,12.9
ADANIPORTS,Mar 2022,28.93276476429698,55.65745662713943,18.1,12.9
ADANIPORTS,Mar 2023,25.85363514291195,52.498561289084975,18.1,12.9
ADANIPORTS,Mar 2024,30.339560480700833,58.36172363445772,18.1,12.9
ADANIPORTS,TTM,34.25447386000071,60.348767710860315,18.1,12.9
ADANIPOWER,Mar 2013,-34.294680215182304,14.34548714883443,57.1,32.2
ADANIPOWER,Mar 2014,-1.8984864300626305,29.964770354906058,57.1,32.2
ADANIPOWER,Mar 2015,-4.367606915377617,25.03880533104962,57.1,32.2
ADANIPOWER,Mar 2016,2.171257437837412,34.6849509398274,57.1,32.2
ADANIPOWER,Mar 2017,-27.299257163070394,26.44145737530951,57.1,32.2
ADANIPOWER,Mar 2018,-10.35756501182033,26.773049645390074,57.1,32.2
ADANIPOWER,Mar 2019,-4.119912912409982,20.86333947412494,57.1,32.2
ADANIPOWER,Mar 2020,-8.595284872298626,21.66389602538915,57.1,32.2
ADANIPOWER,Mar 2021,4.84344609282636,33.13374775942947,57.1,32.2
ADANIPOWER,Mar 2022,17.725812854101257,35.6573201977554,57.1,32.2
ADANIPOWER,Mar 2023,27.666159440848016,26.038738297268715,57.1,32.2
ADANIPOWER,Mar 2024,41.36759945184802,36.20186292228556,57.1,32.2
ADANIPOWER,TTM,23.213174748398902,38.36230558096981,57.1,32.2
AMBUJACEM,Dec 2012,13.252641296543235,25.36670427736178,9.24,12.8
AMBUJACEM,Dec 2013,13.950442091474729,18.218535094422005,9.24,12.8
AMBUJACEM,Dec 2014,14.937217478653944,19.427423405323957,9.24,12.8
AMBUJACEM,Dec 2015,8.562043022146868,16.33993853979019,9.24,12.8
AMBUJACEM,Dec 2016,7.136458644371454,15.830596197870012,9.24,12.8
AMBUJACEM,Dec 2017,8.238383667245541,16.34122580371892,9.24,12.8
AMBUJACEM,Dec 2018,11.416612265273992,15.402634307438271,9.24,12.8
AMBUJACEM,Dec 2019,10.267857142857142,16.960596221959857,9.24,12.8
AMBUJACEM,Dec 2020,12.673356175558819,20.41931799641051,9.24,12.8
AMBUJACEM,Dec 2021,12.812014500258934,21.439668565510097,9.24,12.8
AMBUJACEM,Mar 2023 15,7.766391863779952,13.154583044405063,9.24,12.8
AMBUJACEM,Mar 2024,14.288299155609169,19.300361881785282,9.24,12.8
AMBUJACEM,TTM,11.78386605783866,17.72298325722983,9.24,12.8
APOLLOHOSP,Mar 2013,8.039267710267975,16.23772884054126,13.81,17.2
APOLLOHOSP,Mar 2014,7.229745237548772,15.515262795501492,13.81,17.2
APOLLOHOSP,Mar 2015,6.531487619418989,14.369272762721778,13.81,17.2
APOLLOHOSP,Mar 2016,3.8211382113821135,11.121951219512196,13.81,17.2
APOLLOHOSP,Mar 2017,1.8054024255788312,10.115766262403527,13.81,17.2
APOLLOHOSP,Mar 2018,0.7278903311901006,9.717335921387845,13.81,17.2
APOLLOHOSP,Mar 2019,2.0796506186960593,11.126130810023916,13.81,17.2
APOLLOHOSP,Mar 2020,3.841024273139504,14.145994487418868,13.81,17.2
APOLLOHOSP,Mar 2021,1.2973484848484849,10.795454545454545,13.81,17.2
APOLLOHOSP,Mar 2022,7.556434563186251,14.928732183045762,13.81,17.2
APOLLOHOSP,Mar 2023,5.080664579821816,12.430772935227546,13.81,17.2
APOLLOHOSP,Mar 2024,4.905818773282963,12.56099480560365,13.81,17.2
APOLLOHOSP,TTM,5.979774292833065,13.410523230250623,13.81,17.2
ASIANPAINT,Mar 2013,11.043412033511043,16.536557501904035,31.45,41.75
ASIANPAINT,Mar 2014,10.335515548281506,16.399345335515548,31.45,41.75
ASIANPAINT,Mar 2015,10.481087036356959,16.47447668013221,31.45,41.75
ASIANPAINT,Mar 2016,12.634013033424427,19.09466750753276,31.45,41.75
ASIANPAINT,Mar 2017,13.384676669764971,19.87783826849024,31.45,41.75
ASIANPAINT,Mar 2018,12.469539375928678,19.043090638930163,31.45,41.75
ASIANPAINT,Mar 2019,11.476091476091476,19.56860706860707,31.45,41.75
ASIANPAINT,Mar 2020,13.725199148978279,20.568007520657066,31.45,41.75
ASIANPAINT,Mar 2021,14.769953484087875,22.36448210749321,31.45,41.75
ASIANPAINT,Mar 2022,10.60101027456101,16.50802377925157,31.45,41.75
ASIANPAINT,Mar 2023,12.163298442981821,18.150714720635566,31.45,41.75
ASIANPAINT,Mar 2024,15.658543456824905,21.3692069305536,31.45,41.75
ASIANPAINT,TTM,13.295627458298643,19.181189170566448,31.45,41.75
ATGL,Mar 2018,11.790393013100436,26.637554585152838,20.5,21.2
ATGL,Mar 2019,13.321698662012798,26.46887725421757,20.5,21.2
ATGL,Mar 2020,23.253333333333334,31.733333333333334,20.5,21.2
ATGL,Mar 2021,27.299528301886795,41.509433962264154,20.5,21.2
ATGL,Mar 2022,16.754443712969056,25.44437129690586,20.5,21.2
ATGL,Mar 2023,12.47144814984011,19.872087711283694,20.5,21.2
ATGL,Mar 2024,14.927374301675977,24.670391061452516,20.5,21.2
ATGL,TTM,13.841690841276419,23.891421467053462,20.5,21.2
BAJAJ-AUTO,Mar 2013,15.645443196004994,18.257178526841447,26.5,33.5
BAJAJ-AUTO,Mar 2014,16.785022595222724,20.673387297015445,26.5,33.5
BAJAJ-AUTO,Mar 2015,14.012502894188469,19.115536003704563,26.5,33.5
BAJAJ-AUTO,Mar 2016,17.989722689820148,21.23239124656685,26.5,33.5
BAJAJ-AUTO,Mar 2017,18.7497127097219,20.358538267065043,26.5,33.5
BAJAJ-AUTO,Mar 2018,16.735422451408173,19.22253074176914,26.5,33.5
BAJAJ-AUTO,Mar 2019,16.2329534224916,17.12234007510376,26.5,33.5
BAJAJ-AUTO,Mar 2020,17.42036832781844,17.076105484808984,26.5,33.5
BAJAJ-AUTO,Mar 2021,17.508381096571863,17.800367686817346,26.5,33.5
BAJAJ-AUTO,Mar 2022,18.60310755770101,15.866646553024587,26.5,33.5
BAJAJ-AUTO,Mar 2023,16.62323412426279,17.734192840488273,26.5,33.5
BAJAJ-AUTO,Mar 2024,17.178515712057056,19.534209939826162,26.5,33.5
BAJAJ-AUTO,TTM,15.073619631901842,18.697341513292436,26.5,33.5
AXISBANK,Mar 2013,19.05234889452967,30.58161350844278,18.4,7.06
AXISBANK,Mar 2014,20.293071374955126,31.474168597630626,18.4,7.06
AXISBANK,Mar 2015,20.739028721215366,31.36221426759492,18.4,7.06
AXISBANK,Mar 2016,20.064409095344978,32.611983995315704,18.4,7.06
AXISBANK,Mar 2017,8.259620133806294,53.450675766692115,18.4,7.06
AXISBANK,Mar 2018,0.6028833551769331,63.11708169506335,18.4,7.06
AXISBANK,Mar 2019,8.505801476739535,49.385298075873855,18.4,7.06
AXISBANK,Mar 2020,2.5975892073122058,55.984673106090845,18.4,7.06
AXISBANK,Mar 2021,10.400025258106274,50.119976004799035,18.4,7.06
AXISBANK,Mar 2022,19.33152262641554,44.4691808777476,18.4,7.06
AXISBANK,Mar 2023,11.248884505189986,34.15645108261707,18.4,7.06
AXISBANK,Mar 2024,22.73130411725443,34.69264599658038,18.4,7.06
AXISBANK,TTM,21.86824024730853,36.935495901673306,18.4,7.06
BAJAJFINSV,Mar 2013,27.48603351955307,48.80198634388579,11.72,21.14
BAJAJFINSV,Mar 2014,36.37722065415906,74.5641706790636,11.72,21.14
BAJAJFINSV,Mar 2015,21.25275694750772,48.619320688134096,11.72,21.14
BAJAJFINSV,Mar 2016,13.514829786197827,32.82033799249987,11.72,21.14
BAJAJFINSV,Mar 2017,14.077610478638755,35.553107275472314,11.72,21.14
BAJAJFINSV,Mar 2018,12.707686689793682,32.82819061530034,11.72,21.14
BAJAJFINSV,Mar 2019,12.61354301138364,35.29397957986152,11.72,21.14
BAJAJFINSV,Mar 2020,11.028315946348734,33.59275818292212,11.72,21.14
BAJAJFINSV,Mar 2021,12.158370742012146,32.415170319514125,11.72,21.14
BAJAJFINSV,Mar 2022,12.153904628248984,31.364207818027655,11.72,21.14
BAJAJFINSV,Mar 2023,14.877181011794521,36.39243590993274,11.72,21.14
BAJAJFINSV,Mar 2024,14.128209309488865,37.04045949520755,11.72,21.14
BAJAJFINSV,TTM,13.083801271948234,36.01926138298631,11.72,21.14
BAJAJHLDNG,Mar 2013,550.7418397626113,95.54896142433235,14.8,13.1
BAJAJHLDNG,Mar 2014,469.97635933806146,94.56264775413712,14.8,13.1
BAJAJHLDNG,Mar 2015,387.2137404580153,92.36641221374046,14.8,13.1
BAJAJHLDNG,Mar 2016,481.9148936170213,91.27659574468086,14.8,13.1
BAJAJHLDNG,Mar 2017,293.70546318289786,74.58432304038006,14.8,13.1
BAJAJHLDNG,Mar 2018,632.1428571428571,84.52380952380952,14.8,13.1
BAJAJHLDNG,Mar 2019,707.1925754060325,80.51044083526682,14.8,13.1
BAJAJHLDNG,Mar 2020,708.0459770114943,69.19540229885057,14.8,13.1
BAJAJHLDNG,Mar 2021,799.562363238512,77.02407002188184,14.8,13.1
BAJAJHLDNG,Mar 2022,852.4793388429752,75.82644628099173,14.8,13.1
BAJAJHLDNG,Mar 2023,947.5095785440614,72.79693486590038,14.8,13.1
BAJAJHLDNG,Mar 2024,432.7262044653349,91.7743830787309,14.8,13.1
BAJAJHLDNG,TTM,431.9676860934795,89.67109059434507,14.8,13.1
BAJFINANCE,Mar 2015,16.654302670623146,32.49258160237389,22.1,11.9
BAJFINANCE,Mar 2016,17.522948349088914,32.25099328675161,22.1,11.9
BAJFINANCE,Mar 2017,18.415245737211634,32.59779338014042,22.1,11.9
BAJFINANCE,Mar 2018,19.58261415345991,32.28463831790366,22.1,11.9
BAJFINANCE,Mar 2019,21.609779845296696,29.501812084167252,22.1,11.9
BAJFINANCE,Mar 2020,19.959050580116784,34.72738302874043,22.1,11.9
BAJFINANCE,Mar 2021,16.5710643722116,40.63659880778315,22.1,11.9
BAJFINANCE,Mar 2022,22.211687367655887,37.546221674409786,22.1,11.9
BAJFINANCE,Mar 2023,27.7897177078554,30.65127623095313,22.1,11.9
BAJFINANCE,Mar 2024,26.287928399912687,29.285818234737686,22.1,11.9
BAJFINANCE,TTM,24.709773760015413,30.416352221455067,22.1,11.9
BANKBARODA,Mar 2013,13.251193677624718,30.047747104988748,16.7,6.33
BANKBARODA,Mar 2014,12.4459382645874,29.777821713664338,16.7,6.33
BANKBARODA,Mar 2015,8.794389402204164,29.981075364577535,16.7,6.33
BANKBARODA,Mar 2016,-10.98932291098059,55.440075110810284,16.7,6.33
BANKBARODA,Mar 2017,4.171070087468801,43.28468958694039,16.7,6.33
BANKBARODA,Mar 2018,-3.986451276706618,56.654941809970474,16.7,6.33
BANKBARODA,Mar 2019,2.203908819415567,48.79408762711223,16.7,6.33
BANKBARODA,Mar 2020,1.2434248051207302,51.439254705621394,16.7,6.33
BANKBARODA,Mar 2021,2.1799391770056786,51.22857065963344,16.7,6.33
BANKBARODA,Mar 2022,10.810111058118144,51.12488928255093,16.7,6.33
BANKBARODA,Mar 2023,15.877802821074463,40.45480037670762,16.7,6.33
BANKBARODA,Mar 2024,15.93948250956673,37.4889127294537,16.7,6.33
BANKBARODA,TTM,16.226317824461916,37.423475963397344,16.7,6.33
BHARTIARTL,Mar 2013,2.9461837368578374,29.838720158030853,14.9,13.1
BHARTIARTL,Mar 2014,3.516025342401938,30.87673530233858,14.9,13.1
BHARTIARTL,Mar 2015,5.252806942695706,34.96529692719118,14.9,13.1
BHARTIARTL,Mar 2016,7.140637301620188,35.2049061451125,14.9,13.1
BHARTIARTL,Mar 2017,4.442326224494071,37.00716470440357,14.9,13.1
BHARTIARTL,Mar 2018,2.6428199760403683,36.398068708479045,14.9,13.1
BHARTIARTL,Mar 2019,2.0896261450854174,31.894033176528847,14.9,13.1
BHARTIARTL,Mar 2020,-35.02895852134477,41.821359622568224,14.9,13.1
BHARTIARTL,Mar 2021,-12.28830404707005,45.00178897988392,14.9,13.1
BHARTIARTL,Mar 2022,7.125880546045801,49.36549203325697,14.9,13.1
BHARTIARTL,Mar 2023,8.830356822020196,51.22282511049624,14.9,13.1
BHARTIARTL,Mar 2024,5.706018055499993,52.20093077836007,14.9,13.1
BHARTIARTL,TTM,8.886144663553686,51.92567437193687,14.9,13.1
BEL,Mar 2013,14.522556990275785,10.664753706360592,26.3,34.6
BEL,Mar 2014,14.605707272169377,14.191469776004908,26.3,34.6
BEL,Mar 2015,16.875793035387,16.622021711546594,26.3,34.6
BEL,Mar 2016,18.18058199619255,18.94207234158281,26.3,34.6
BEL,Mar 2017,17.594731977818853,20.70240295748614,26.3,34.6
BEL,Mar 2018,13.758292471877704,19.603884241899816,26.3,34.6
BEL,Mar 2019,15.512989148306477,23.914830647813222,26.3,34.6
BEL,Mar 2020,14.073103022825418,21.275447254781,26.3,34.6
BEL,Mar 2021,14.88411652136934,22.779785952229073,26.3,34.6
BEL,Mar 2022,15.616866215512754,21.759500260281104,26.3,34.6
BEL,Mar 2023,16.837712867937295,23.063042742754032,26.3,34.6
BEL,Mar 2024,19.661535425300965,24.921057825143084,26.3,34.6
BEL,TTM,21.047508690614137,26.45654692931634,26.3,34.6
BHEL,Mar 2013,13.686276915526655,19.39144837740016,1.05,3.28
BHEL,Mar 2014,8.852152372285838,11.574530471929426,1.05,3.28
BHEL,Mar 2015,4.629186220987772,6.835232895955048,1.05,3.28
BHEL,Mar 2016,-2.768084689276612,-5.320525387178984,1.05,3.28
BHEL,Mar 2017,1.5984542420516425,3.846829439662744,1.05,3.28
BHEL,Mar 2018,1.5194088875013008,5.734207513789156,1.05,3.28
BHEL,Mar 2019,3.2916132847146935,6.675207778982293,1.05,3.28
BHEL,Mar 2020,-6.839677584680613,-0.6196710618273308,1.05,3.28
BHEL,Mar 2021,-15.59882142238142,-17.615113524755905,1.05,3.28
BHEL,Mar 2022,2.0979680354533023,3.9036349064164817,1.05,3.28
BHEL,Mar 2023,2.7990584207147444,4.468221699122619,1.05,3.28
BHEL,Mar 2024,1.180262001423011,2.9757669610346125,1.05,3.28
BHEL,TTM,1.7226028722951263,4.064568575078388,1.05,3.28
BOSCHLTD,Dec 2012,11.063633213996997,15.59071486314817,16.0,20.6
BOSCHLTD,Dec 2013,10.106200753682767,14.71965284914925,16.0,20.6
BOSCHLTD,Mar 2015,11.070660268078768,16.390865464173423,16.0,20.6
BOSCHLTD,Mar 2016,15.781878156891041,19.3588289867024,16.0,20.6
BOSCHLTD,Mar 2017,16.684235745088642,18.811691423095354,16.0,20.6
BOSCHLTD,Mar 2018,11.72797262617622,17.904191616766468,16.0,20.6
BOSCHLTD,Mar 2019,13.223003723624327,17.823748448489862,16.0,20.6
BOSCHLTD,Mar 2020,6.604348709611868,15.068075594391384,16.0,20.6
BOSCHLTD,Mar 2021,4.959868285655484,11.967483021197777,16.0,20.6
BOSCHLTD,Mar 2022,10.329315905618742,12.408759124087592,16.0,20.6
BOSCHLTD,Mar 2023,9.538482148837831,12.124053854913257,16.0,20.6
BOSCHLTD,Mar 2024,14.886112273569676,12.524660728164047,16.0,20.6
BOSCHLTD,TTM,12.151603498542274,12.921282798833818,16.0,20.6
BPCL,Mar 2013,0.7994021000821699,2.770242091658718,41.9,32.1
BPCL,Mar 2014,1.5327829484042492,3.5602316003645704,41.9,32.1
BPCL,Mar 2015,2.0948235352311233,4.031360522345609,41.9,32.1
BPCL,Mar 2016,4.306897745121529,6.906264142906584,41.9,32.1
BPCL,Mar 2017,4.723951682227666,6.84866162155716,41.9,32.1
BPCL,Mar 2018,4.150999385319739,6.493143135717163,41.9,32.1
BPCL,Mar 2019,2.859576294488073,5.067297955241997,41.9,32.1
BPCL,Mar 2020,1.2882504251999494,3.1538591287969298,41.9,32.1
BPCL,Mar 2021,7.524840227483046,9.124086005621908,41.9,32.1
BPCL,Mar 2022,3.3685995311297003,5.518309298684223,41.9,32.1
BPCL,Mar 2023,0.45035049568141133,2.3033177158290488,41.9,32.1
BPCL,Mar 2024,5.994201967046283,9.837909494446341,41.9,32.1
BPCL,TTM,3.082129528434631,5.9591428205951065,41.9,32.1
BRITANNIA,Mar 2013,4.203718674211803,6.806790622473727,57.1,48.9
BRITANNIA,Mar 2014,5.713872414291914,9.069868363951974,57.1,48.9
BRITANNIA,Mar 2015,8.768134385339781,11.071519470603207,57.1,48.9
BRITANNIA,Mar 2016,9.824937477670597,14.576634512325832,57.1,48.9
BRITANNIA,Mar 2017,9.774685222001326,14.115308151093439,57.1,48.9
BRITANNIA,Mar 2018,10.127092999798265,15.14020576961872,57.1,48.9
BRITANNIA,Mar 2019,10.44776119402985,15.66711895070104,57.1,48.9
BRITANNIA,Mar 2020,12.017241379310345,15.887931034482758,57.1,48.9
BRITANNIA,Mar 2021,14.091047503045068,19.10018270401949,57.1,48.9
BRITANNIA,Mar 2022,10.724391624221845,15.570175438596493,57.1,48.9
BRITANNIA,Mar 2023,14.207717317955954,17.36703269738053,57.1,48.9
BRITANNIA,Mar 2024,12.725863199952292,18.886039716142882,57.1,48.9
BRITANNIA,TTM,12.346323358849455,18.186035722570168,57.1,48.9
CANBK,Mar 2013,8.790724977986498,21.182858820076316,17.9,6.63
CANBK,Mar 2014,6.7525903462218855,24.351781652767247,17.9,6.63
CANBK,Mar 2015,6.689795266245178,23.513569032022456,17.9,6.63
CANBK,Mar 2016,-5.756261495492632,40.38465905220373,17.9,6.63
CANBK,Mar 2017,3.403526545577345,37.84885544057698,17.9,6.63
CANBK,Mar 2018,-9.367517233039061,61.874470915467406,17.9,6.63
CANBK,Mar 2019,1.4514817209234425,56.72874392609122,17.9,6.63
CANBK,Mar 2020,-3.8606081311923472,53.87769046805603,17.9,6.63
CANBK,Mar 2021,4.2090729221527905,61.82938806883692,17.9,6.63
CANBK,Mar 2022,8.720650295975302,58.39493584841533,17.9,6.63
CANBK,Mar 2023,13.209524363975083,49.80147872154625,17.9,6.63
CANBK,Mar 2024,13.935160470145405,41.753906568101414,17.9,6.63
CANBK,TTM,13.879489413025997,40.22547574376843,17.9,6.63
CHOLAFIN,Mar 2013,11.98443579766537,26.770428015564203,20.2,10.4
CHOLAFIN,Mar 2014,11.222933821286977,28.42329978652028,20.2,10.4
CHOLAFIN,Mar 2015,11.951547779273216,28.559892328398384,20.2,10.4
CHOLAFIN,Mar 2016,13.64499288087328,30.042714760322735,20.2,10.4
CHOLAFIN,Mar 2017,15.296122709842352,28.163613123135917,20.2,10.4
CHOLAFIN,Mar 2018,16.51376146788991,26.101816873538407,20.2,10.4
CHOLAFIN,Mar 2019,16.840180078784467,22.960045019696118,20.2,10.4
CHOLAFIN,Mar 2020,12.098255280073463,27.789256198347108,20.2,10.4
CHOLAFIN,Mar 2021,15.871856412396953,30.397579046227698,20.2,10.4
CHOLAFIN,Mar 2022,21.225857311785575,28.83326763894363,20.2,10.4
CHOLAFIN,Mar 2023,20.684570009313877,28.104625892579943,20.2,10.4
CHOLAFIN,Mar 2024,17.846892448990243,28.10102802275218,20.2,10.4
CHOLAFIN,TTM,17.118478357479336,28.673006843836102,20.2,10.4
CIPLA,Mar 2013,18.661674115231307,73.25763981157145,16.8,22.8
CIPLA,Mar 2014,13.80123857269242,78.89511451882434,16.8,22.8
CIPLA,Mar 2015,10.832966064345527,80.94314676068753,16.8,22.8
CIPLA,Mar 2016,10.029006526468455,82.01595358955765,16.8,22.8
CIPLA,Mar 2017,7.190496040016674,82.65944143393081,16.8,22.8
CIPLA,Mar 2018,9.349432567959884,81.3473211929269,16.8,22.8
CIPLA,Mar 2019,9.118689646742451,81.07199608849774,16.8,22.8
CIPLA,Mar 2020,8.755545178613122,81.28648143824422,16.8,22.8
CIPLA,Mar 2021,12.468684759916492,77.80271398747391,16.8,22.8
CIPLA,Mar 2022,11.703349722005237,79.08376602490466,16.8,22.8
CIPLA,Mar 2023,12.45110534874522,77.90621017008746,16.8,22.8
CIPLA,Mar 2024,16.11701714906495,75.59168153953597,16.8,22.8
CIPLA,TTM,18.48337719135688,74.40421037026054,16.8,22.8
COALINDIA,Mar 2013,25.41030408620412,73.51946473800565,52.0,63.6
COALINDIA,Mar 2014,21.402673917969636,74.83854520734195,52.0,63.6
COALINDIA,Mar 2015,18.519967620075555,76.60145709660011,52.0,63.6
COALINDIA,Mar 2016,18.323679377351947,75.96486045645446,52.0,63.6
COALINDIA,Mar 2017,11.872473261347935,84.0745100046057,52.0,63.6
COALINDIA,Mar 2018,8.25629956360565,89.10421847871991,52.0,63.6
COALINDIA,Mar 2019,17.536601530335588,74.88904062820076,52.0,63.6
COALINDIA,Mar 2020,17.38134887593672,77.53955037468776,52.0,63.6
COALINDIA,Mar 2021,14.109257325661476,79.3081998533757,52.0,63.6
COALINDIA,Mar 2022,15.839219796746114,77.46889668687052,52.0,63.6
COALINDIA,Mar 2023,22.94578016954547,68.00624945751237,52.0,63.6
COALINDIA,Mar 2024,26.25628846856468,66.29380849329698,52.0,63.6
COALINDIA,TTM,24.47836497349068,66.78424833247819,52.0,63.6
DABUR,Mar 2013,12.47557003257329,16.156351791530945,19.2,22.3
DABUR,Mar 2014,12.978180787758573,16.463587418532164,19.2,22.3
DABUR,Mar 2015,13.701090442591404,16.93393200769724,19.2,22.3
DABUR,Mar 2016,16.118251928020566,19.511568123393317,19.2,22.3
DABUR,Mar 2017,16.811137378513266,19.858156028368796,19.2,22.3
DABUR,Mar 2018,17.586117586117584,20.94017094017094,19.2,22.3
DABUR,Mar 2019,16.981796829125074,20.434527304756312,19.2,22.3
DABUR,Mar 2020,16.672423719055843,20.63327576280944,19.2,22.3
DABUR,Mar 2021,17.72641706755909,20.937042459736457,19.2,22.3
DABUR,Mar 2022,15.997795940857745,20.681421618146754,19.2,22.3
DABUR,Mar 2023,14.752818733738074,18.751084128360798,19.2,22.3
DABUR,Mar 2024,14.600128990648178,19.348597226701063,19.2,22.3
DABUR,TTM,14.139953402426286,18.807744838113603,19.2,22.3
DIVISLAB,Mar 2013,28.065268065268068,38.04195804195804,12.2,16.5
DIVISLAB,Mar 2014,30.529225908372826,40.20537124802528,12.2,16.5
DIVISLAB,Mar 2015,27.351524879614768,37.65650080256822,12.2,16.5
DIVISLAB,Mar 2016,29.81991525423729,37.6853813559322,12.2,16.5
DIVISLAB,Mar 2017,26.08267716535433,35.67913385826771,12.2,16.5
DIVISLAB,Mar 2018,22.539193009509123,32.61372397841172,12.2,16.5
DIVISLAB,Mar 2019,27.355438738374442,37.88920339668419,12.2,16.5
DIVISLAB,Mar 2020,25.528364849833146,33.852428624397476,12.2,16.5
DIVISLAB,Mar 2021,28.46893384990673,41.13933132443679,12.2,16.5
DIVISLAB,Mar 2022,33.035714285714285,43.359375,12.2,16.5
DIVISLAB,Mar 2023,23.483970645036695,30.513711857860176,12.2,16.5
DIVISLAB,Mar 2024,20.395156150414277,28.170809432759718,12.2,16.5
DIVISLAB,TTM,21.31413977246343,29.69584397492454,12.2,16.5
DLF,Mar 2013,8.580985462498392,33.87366525151164,6.95,5.74
DLF,Mar 2014,7.1101470233791275,30.04338394793926,6.95,5.74
DLF,Mar 2015,6.628317427114655,39.40384363969146,6.95,5.74
DLF,Mar 2016,3.07273826314729,39.955671972597216,6.95,5.74
DLF,Mar 2017,8.612090986497993,41.9170417224182,6.95,5.74
DLF,Mar 2018,66.75115550916952,35.455494259728646,6.95,5.74
DLF,Mar 2019,15.706430791298112,25.67535261773847,6.95,5.74
DLF,Mar 2020,-9.699161597895776,18.839388459641622,6.95,5.74
DLF,Mar 2021,20.003694126339123,27.133357960842257,6.95,5.74
DLF,Mar 2022,26.237537169844323,30.488018191359107,6.95,5.74
DLF,Mar 2023,35.71553994732221,30.307287093942055,6.95,5.74
DLF,Mar 2024,42.38369379181578,33.04807841916913,6.95,5.74
DLF,TTM,57.19182973860877,26.9247250392801,6.95,5.74
DMART,Mar 2013,2.8135288835677943,6.435199042202933,14.5,19.4
DMART,Mar 2014,3.4357661118224496,7.276995305164319,14.5,19.4
DMART,Mar 2015,3.292436713775431,7.081845006988663,14.5,19.4
DMART,Mar 2016,3.727865796831314,7.735321528424977,14.5,19.4
DMART,Mar 2017,4.025886703647672,8.144225920322743,14.5,19.4
DMART,Mar 2018,5.361537949843678,9.000199560965875,14.5,19.4
DMART,Mar 2019,4.508872781804548,8.162959260184955,14.5,19.4
DMART,Mar 2020,5.231202251708886,8.556493767591476,14.5,19.4
DMART,Mar 2021,4.5520440707451435,7.227767883030278,14.5,19.4
DMART,Mar 2022,4.8166322314049586,8.077221074380166,14.5,19.4
DMART,Mar 2023,5.550887021475257,8.494397759103641,14.5,19.4
DMART,Mar 2024,4.993207190533383,8.084427730414067,14.5,19.4
DMART,TTM,4.754164263366718,7.823396780451995,14.5,19.4
DRREDDY,Mar 2013,12.904588861658075,22.555564945491422,21.4,26.5
DRREDDY,Mar 2014,14.632873648900485,24.23406634364517,21.4,26.5
DRREDDY,Mar 2015,15.549490780802769,23.35086201158224,21.4,26.5
DRREDDY,Mar 2016,13.688335046248715,23.028006166495373,21.4,26.5
DRREDDY,Mar 2017,9.101155255001409,17.413355874894336,21.4,26.5
DRREDDY,Mar 2018,6.631188292136406,16.462432602758913,21.4,26.5
DRREDDY,Mar 2019,12.622993267736923,20.572242361470742,21.4,26.5
DRREDDY,Mar 2020,11.565907404235885,14.140549180795798,21.4,26.5
DRREDDY,Mar 2021,10.247795044099119,20.338093238135237,21.4,26.5
DRREDDY,Mar 2022,10.127639823624971,17.488976560686933,21.4,26.5
DRREDDY,Mar 2023,18.269152817186868,26.22618565058776,21.4,26.5
DRREDDY,Mar 2024,19.913605369319196,28.321016743422227,21.4,26.5
DRREDDY,TTM,17.44532325722886,26.61308399244292,21.4,26.5
EICHERMOT,Dec 2012,7.433489827856025,8.607198748043817,24.2,31.1
EICHERMOT,Dec 2013,7.709251101321586,10.499265785609397,24.2,31.1
EICHERMOT,Dec 2014,8.033875028610666,12.794689860379949,24.2,31.1
EICHERMOT,Mar 2016,21.675036449052325,27.37728819050705,24.2,31.1
EICHERMOT,Mar 2017,23.702545144319636,30.911417602729983,24.2,31.1
EICHERMOT,Mar 2018,21.862799776910204,31.3329615170106,24.2,31.1
EICHERMOT,Mar 2019,22.486475451668877,29.641727059303868,24.2,31.1
EICHERMOT,Mar 2020,19.958488092637097,23.847498361372075,24.2,31.1
EICHERMOT,Mar 2021,15.447247706422019,20.44724770642202,24.2,31.1
EICHERMOT,Mar 2022,16.284715478733737,21.149737813167604,24.2,31.1
EICHERMOT,Mar 2023,20.177260767206757,23.8609610857222,24.2,31.1
EICHERMOT,Mar 2024,24.195694242864054,26.179245283018872,24.2,31.1
EICHERMOT,TTM,24.972207594640455,26.165818266924113,24.2,31.1
GAIL,Mar 2013,8.567112645662494,14.570173029387531,14.0,14.7
GAIL,Mar 2014,7.7487250060714,12.932890795758114,14.0,14.7
GAIL,Mar 2015,5.21822415245141,9.298677279257559,14.0,14.7
GAIL,Mar 2016,3.6001767429350853,8.71419514725376,14.0,14.7
GAIL,Mar 2017,6.949250288350635,12.40113692535838,14.0,14.7
GAIL,Mar 2018,8.817160892542573,14.31664709336465,14.0,14.7
GAIL,Mar 2019,8.600866255414097,13.04370652316577,14.0,14.7
GAIL,Mar 2020,13.120880333158663,12.44104911883946,14.0,14.7
GAIL,Mar 2021,10.70731367217458,12.628111273792095,14.0,14.7
GAIL,Mar 2022,13.262908267758974,16.342567640400993,14.0,14.7
GAIL,Mar 2023,3.841612433753467,5.14869429112777,14.0,14.7
GAIL,Mar 2024,7.433122166511544,10.743987750322754,14.0,14.7
GAIL,TTM,8.48097824090064,12.333830586194987,14.0,14.7
GODREJCP,Mar 2013,13.178415470991892,15.517779164067374,6.77,26.49
GODREJCP,Mar 2014,10.777733912356888,15.383603105671797,6.77,26.49
GODREJCP,Mar 2015,11.797413272089932,16.66868125226641,6.77,26.49
GODREJCP,Mar 2016,9.864672364672366,19.669990503323838,6.77,26.49
GODREJCP,Mar 2017,14.113077255071213,20.576176089771256,6.77,26.49
GODREJCP,Mar 2018,16.593886462882097,21.163806235401644,6.77,26.49
GODREJCP,Mar 2019,22.70700019391119,20.67093271281753,6.77,26.49
GODREJCP,Mar 2020,15.104429421854505,21.733427504792655,6.77,26.49
GODREJCP,Mar 2021,15.604315894460061,21.751745398494876,6.77,26.49
GODREJCP,Mar 2022,14.524275008145976,19.623655913978492,6.77,26.49
GODREJCP,Mar 2023,12.781616100931211,18.34635025533193,6.77,26.49
GODREJCP,Mar 2024,-3.9798524404086266,20.977582292849036,6.77,26.49
GODREJCP,TTM,-3.2009609949123803,21.17015262860373,6.77,26.49
GRASIM,Mar 2013,13.536851911569745,21.226127772403167,6.9,9.3
GRASIM,Mar 2014,10.42674102573153,17.348487522501856,6.9,9.3
GRASIM,Mar 2015,8.136383689418288,16.209743492783765,6.9,9.3
GRASIM,Mar 2016,10.018267753066374,17.13979180560791,6.9,9.3
GRASIM,Mar 2017,11.772208051458357,20.480758567150936,6.9,9.3
GRASIM,Mar 2018,6.598203742798869,20.775038465667155,6.9,9.3
GRASIM,Mar 2019,3.5556994818652847,21.554404145077722,6.9,9.3
GRASIM,Mar 2020,9.727187481685519,15.19808943327668,6.9,9.3
GRASIM,Mar 2021,9.144809172294645,24.39008428878069,6.9,9.3
GRASIM,Mar 2022,11.709386526786554,21.34878423422953,6.9,9.3
GRASIM,Mar 2023,9.417905752930874,18.353779319373952,6.9,9.3
GRASIM,Mar 2024,7.578371940325857,20.763028905617738,6.9,9.3
GRASIM,TTM,6.339887394614779,20.060386825753376,6.9,9.3
HAL,Mar 2013,20.917085427135678,5.360134003350084,28.9,38.9
HAL,Mar 2014,17.793194582094483,10.373306904525933,28.9,38.9
HAL,Mar 2015,15.181182453909727,14.945963127781308,28.9,38.9
HAL,Mar 2016,11.92266380236305,14.786967418546364,28.9,38.9
HAL,Mar 2017,14.573816155988858,18.027855153203344,28.9,38.9
HAL,Mar 2018,10.729521032453155,18.683514228630056,28.9,38.9
HAL,Mar 2019,11.72530987604958,22.835865653738505,28.9,38.9
HAL,Mar 2020,13.252506411750991,22.75588715318256,28.9,38.9
HAL,Mar 2021,14.155231186085132,23.341491128397866,28.9,38.9
HAL,Mar 2022,20.65800162469537,22.014622258326565,28.9,38.9
HAL,Mar 2023,21.57976827094474,24.766042780748663,28.9,38.9
HAL,Mar 2024,24.999177117277245,32.08913465652875,28.9,38.9
HAL,TTM,27.193939783013416,31.950953328625538,28.9,38.9
HAVELLS,Mar 2013,8.142957252978276,9.446391030133146,18.0,24.4
HAVELLS,Mar 2014,5.539684511240839,9.650975034157247,18.0,24.4
HAVELLS,Mar 2015,4.546528105810109,8.915918752952292,18.0,24.4
HAVELLS,Mar 2016,17.118777982617857,10.481959441664472,18.0,24.4
HAVELLS,Mar 2017,8.05872756933116,13.295269168026099,18.0,24.4
HAVELLS,Mar 2018,8.144406111384919,12.727944800394283,18.0,24.4
HAVELLS,Mar 2019,7.822892881961679,11.803832026208678,18.0,24.4
HAVELLS,Mar 2020,7.786016949152542,11.302966101694915,18.0,24.4
HAVELLS,Mar 2021,9.983742947308023,15.195562780912308,18.0,24.4
HAVELLS,Mar 2022,8.58085808580858,12.73496914908882,18.0,24.4
HAVELLS,Mar 2023,6.3390692448702035,9.58547690852108,18.0,24.4
HAVELLS,Mar 2024,6.837009144701453,10.118343195266272,18.0,24.4
HAVELLS,TTM,6.770808144314939,9.711273395560283,18.0,24.4
HCLTECH,Jun 2013,15.792971345920801,22.203979516047063,23.3,29.6
HCLTECH,Jun 2014,20.3086112493778,24.99688899950224,23.3,29.6
HCLTECH,Jun 2015,20.004904498515028,23.121985776954308,23.3,29.6
HCLTECH,Mar 2016 9m,17.992034943473794,21.3707605344296,23.3,29.6
HCLTECH,Mar 2017,18.091994618230743,21.84241506895392,23.3,29.6
HCLTECH,Mar 2018,17.24772093575115,22.238921078130872,23.3,29.6
HCLTECH,Mar 2019,16.747480430933194,23.04598937561024,23.3,29.6
HCLTECH,Mar 2020,15.644631841077594,24.50053766483672,23.3,29.6
HCLTECH,Mar 2021,14.817124132716009,26.596266864776663,23.3,29.6
HCLTECH,Mar 2022,15.78849050215409,23.96819651842944,23.3,29.6
HCLTECH,Mar 2023,14.631958681595963,22.303264469326606,23.3,29.6
HCLTECH,Mar 2024,14.293122742532729,22.015594151738192,23.3,29.6
HCLTECH,TTM,14.816838380684775,21.801609602109135,23.3,29.6
HDFCBANK,Mar 2013,19.249323777920306,35.22210758205293,17.1,7.67
HDFCBANK,Mar 2014,20.60392433321584,31.742450945834804,17.1,7.67
HDFCBANK,Mar 2015,21.12462006079027,31.903051355938892,17.1,7.67
HDFCBANK,Mar 2016,20.298597257844907,31.751686140400874,17.1,7.67
HDFCBANK,Mar 2017,20.904587080836894,32.558583887213224,17.1,7.67
HDFCBANK,Mar 2018,21.76273332708001,34.62620767282619,17.1,7.67
HDFCBANK,Mar 2019,21.34441475451926,33.145367579235646,17.1,7.67
HDFCBANK,Mar 2020,22.339163099788035,37.203839952859916,17.1,7.67
HDFCBANK,Mar 2021,24.78141141328023,40.80605513722074,17.1,7.67
HDFCBANK,Mar 2022,28.06541313559322,41.60560852165725,17.1,7.67
HDFCBANK,Mar 2023,27.026599669700268,36.91977933167012,17.1,7.67
HDFCBANK,Mar 2024,23.07288232992184,61.41252040373843,17.1,7.67
HDFCBANK,TTM,21.934095592391998,62.61253046908717,17.1,7.67
HDFCLIFE,Mar 2013,3.1792318634423897,96.26600284495022,11.4,6.61
HDFCLIFE,Mar 2014,4.223464988931609,96.47559128509845,11.4,6.61
HDFCLIFE,Mar 2015,2.8881131728826013,96.78853573397024,11.4,6.61
HDFCLIFE,Mar 2016,4.503610605810043,94.74119398048619,11.4,6.61
HDFCLIFE,Mar 2017,2.8942473977877117,96.82513786014944,11.4,6.61
HDFCLIFE,Mar 2018,3.4314941103533787,96.67079975201489,11.4,6.61
HDFCLIFE,Mar 2019,3.289151975292755,96.87298931926392,11.4,6.61
HDFCLIFE,Mar 2020,4.414567733151804,96.11640571817563,11.4,6.61
HDFCLIFE,Mar 2021,1.9027513700928307,98.27480147634493,11.4,6.61
HDFCLIFE,Mar 2022,1.976879301611894,98.84098560915294,11.4,6.61
HDFCLIFE,Mar 2023,1.9485236514877435,99.88605124845101,11.4,6.61
HDFCLIFE,Mar 2024,1.5510139729213062,99.47675449833469,11.4,6.61
HDFCLIFE,TTM,1.7336164807684673,99.28154646131861,11.4,6.61
HEROMOTOCO,Mar 2014,8.316518298714143,85.94263105835806,22.0,29.1
HEROMOTOCO,Mar 2015,8.584501416224853,87.21766286585809,22.0,29.1
HEROMOTOCO,Mar 2016,10.935797870471237,84.45373721755631,22.0,29.1
HEROMOTOCO,Mar 2017,12.394267738552953,83.9741349178609,22.0,29.1
HEROMOTOCO,Mar 2018,11.467126748413333,83.56645511122065,22.0,29.1
HEROMOTOCO,Mar 2019,10.202820052397634,85.2079715051073,22.0,29.1
HEROMOTOCO,Mar 2020,12.50769125589663,86.0873726669857,22.0,29.1
HEROMOTOCO,Mar 2021,9.483510449303918,86.89557156238897,22.0,29.1
HEROMOTOCO,Mar 2022,7.881289973266556,88.98176034651958,22.0,29.1
HEROMOTOCO,Mar 2023,8.197201241290474,88.00281046899701,22.0,29.1
HEROMOTOCO,Mar 2024,9.902352536452407,86.14676228532112,22.0,29.1
HEROMOTOCO,TTM,10.307247244251585,86.13147787919597,22.0,29.1
HINDALCO,Mar 2013,3.749703839487237,90.39941141994937,10.2,11.3
HINDALCO,Mar 2014,2.5029933291521753,90.85010547921775,10.2,11.3
HINDALCO,Mar 2015,0.248367391950595,91.51906867022755,10.2,11.3
HINDALCO,Mar 2016,-0.7108212922366569,92.12426209256877,10.2,11.3
HINDALCO,Mar 2017,1.8785434799968057,87.70562165615267,10.2,11.3
HINDALCO,Mar 2018,5.281161282480921,88.1102245991162,10.2,11.3
HINDALCO,Mar 2019,4.209373228539474,88.11800033705627,10.2,11.3
HINDALCO,Mar 2020,3.188481852654388,87.89104821235102,10.2,11.3
HINDALCO,Mar 2021,2.6384764559723655,86.69853342221684,10.2,11.3
HINDALCO,Mar 2022,7.038895923797416,85.46747394378112,10.2,11.3
HINDALCO,Mar 2023,4.523704984722359,89.84507307282192,10.2,11.3
HINDALCO,Mar 2024,4.702216130615571,88.94620349876368,10.2,11.3
HINDALCO,TTM,5.574552044924961,87.53180547991678,10.2,11.3
HINDUNILVR,Mar 2013,14.216412383350615,84.37268552806991,20.2,27.2
HINDUNILVR,Mar 2014,13.532188547581583,83.72100978312923,20.2,27.2
HINDUNILVR,Mar 2015,13.68697610409108,83.07268860252721,20.2,27.2
HINDUNILVR,Mar 2016,12.896911700739452,81.63797924563475,20.2,27.2
HINDUNILVR,Mar 2017,13.539593510644716,80.91791809902901,20.2,27.2
HINDUNILVR,Mar 2018,14.705303136868759,78.90279926853285,20.2,27.2
HINDUNILVR,Mar 2019,15.41592470109387,77.41032816077335,20.2,27.2
HINDUNILVR,Mar 2020,16.982128044642185,75.21303069150139,20.2,27.2
HINDUNILVR,Mar 2021,17.00901590541805,75.27855745513311,20.2,27.2
HINDUNILVR,Mar 2022,16.954581855622926,75.48526103039318,20.2,27.2
HINDUNILVR,Mar 2023,16.743149554308353,76.64740838560581,20.2,27.2
HINDUNILVR,Mar 2024,16.611735814915342,76.31672482874498,20.2,27.2
HINDUNILVR,TTM,17.16697786501971,76.44627439715293,20.2,27.2
ICICIBANK,Mar 2013,22.568786899855187,70.58928372507519,18.8,7.6
ICICIBANK,Mar 2014,23.599911073384668,66.39584470179268,18.8,7.6
ICICIBANK,Mar 2015,23.546321228440434,70.52980132450331,18.8,7.6
ICICIBANK,Mar 2016,18.428508786723782,88.12358754680069,18.8,7.6
ICICIBANK,Mar 2017,18.608467344929437,104.76042008532984,18.8,7.6
ICICIBANK,Mar 2018,14.63916862391815,117.12300119043788,18.8,7.6
ICICIBANK,Mar 2019,7.903364730071407,116.38326248228724,18.8,7.6
ICICIBANK,Mar 2020,13.231411193361309,100.6188410580414,18.8,7.6
ICICIBANK,Mar 2021,22.83907001783251,102.40682794432668,18.8,7.6
ICICIBANK,Mar 2022,27.815569088222038,84.68770635278334,18.8,7.6
ICICIBANK,Mar 2023,29.290392922926973,72.57469004765956,18.8,7.6
ICICIBANK,Mar 2024,28.888011233982798,62.41380175029464,18.8,7.6
ICICIBANK,TTM,29.031132477804057,69.63240303293806,18.8,7.6
ICICIGI,Mar 2013,8.798604187437686,104.46161515453637,17.0,22.5
ICICIGI,Mar 2014,11.948529411764707,105.19301470588236,17.0,22.5
ICICIGI,Mar 2015,13.816721776098253,105.24326877657062,17.0,22.5
ICICIGI,Mar 2016,8.403779214321233,87.33631692358695,17.0,22.5
ICICIGI,Mar 2017,9.335106382978724,87.77925531914894,17.0,22.5
ICICIGI,Mar 2018,12.471064814814815,103.79050925925925,17.0,22.5
ICICIGI,Mar 2019,9.39711547075159,85.04882200125414,17.0,22.5
ICICIGI,Mar 2020,10.367283146652774,84.61404879742989,17.0,22.5
ICICIGI,Mar 2021,12.112490749116027,82.97015048104596,17.0,22.5
ICICIGI,Mar 2022,7.93086234868339,93.660302009235,17.0,22.5
ICICIGI,Mar 2023,9.672186171402998,92.92906690534795,17.0,22.5
ICICIGI,Mar 2024,9.366915605017816,87.42129155073948,17.0,22.5
ICICIGI,TTM,10.806403158662718,85.5671430410712,17.0,22.5
ICICIPRULI,Mar 2013,7.5655430711610485,96.27965043695382,8.07,8.75
ICICIPRULI,Mar 2014,7.131761695906433,93.12865497076024,8.07,8.75
ICICIPRULI,Mar 2015,4.760107973180855,95.1963544538937,8.07,8.75
ICICIPRULI,Mar 2016,7.91404863542616,91.16984028010936,8.07,8.75
ICICIPRULI,Mar 2017,4.447852760736196,95.22424370636767,8.07,8.75
ICICIPRULI,Mar 2018,4.169241862381541,95.44190358467245,8.07,8.75
ICICIPRULI,Mar 2019,2.747027470274703,98.69522224634011,8.07,8.75
ICICIPRULI,Mar 2020,5.074910820451843,101.51724137931035,8.07,8.75
ICICIPRULI,Mar 2021,1.1492871053833762,100.46885143420452,8.07,8.75
ICICIPRULI,Mar 2022,1.194072116292241,103.40444276634572,8.07,8.75
ICICIPRULI,Mar 2023,1.6106026387733272,103.48072427592219,8.07,8.75
ICICIPRULI,Mar 2024,0.942341125272681,102.02531365231931,8.07,8.75
ICICIPRULI,TTM,1.2556076934976539,99.5861908936214,8.07,8.75
INDUSINDBK,Mar 2013,15.194042675068022,27.881999140770443,15.2,7.93
INDUSINDBK,Mar 2014,17.058395929246426,30.95468863581294,15.2,7.93
INDUSINDBK,Mar 2015,18.510111432108957,32.32562938505985,15.2,7.93
INDUSINDBK,Mar 2016,19.255390835579515,35.27628032345013,15.2,7.93
INDUSINDBK,Mar 2017,19.908371511870055,39.455782312925166,15.2,7.93
INDUSINDBK,Mar 2018,20.866847983334296,37.931832648573575,15.2,7.93
INDUSINDBK,Mar 2019,14.82862405103095,41.70073222227214,15.2,7.93
INDUSINDBK,Mar 2020,15.349338150991903,43.81405690859187,15.2,7.93
INDUSINDBK,Mar 2021,9.779310344827588,55.16206896551724,15.2,7.93
INDUSINDBK,Mar 2022,14.960093439750827,51.39186295503212,15.2,7.93
INDUSINDBK,Mar 2023,20.320061592608887,42.68862736471624,15.2,7.93
INDUSINDBK,Mar 2024,19.56369677362945,38.55469091544986,15.2,7.93
INDUSINDBK,TTM,16.57415721165619,41.02522243082197,15.2,7.93
INFY,Mar 2013,23.366871530531323,28.59337827121332,31.8,40.0
INFY,Mar 2014,21.255460475136136,26.70895418187621,31.8,40.0
INFY,Mar 2015,23.20373600405109,27.913126652787934,31.8,40.0
INFY,Mar 2016,21.602793036626576,27.352220496148366,31.8,40.0
INFY,Mar 2017,20.958180012849716,27.165469306699375,31.8,40.0
INFY,Mar 2018,22.729077451008195,26.68954368849437,31.8,40.0
INFY,Mar 2019,18.639250075597218,24.396734200181434,31.8,40.0
INFY,Mar 2020,18.32670639160269,24.525558700752278,31.8,40.0
INFY,Mar 2021,19.331754120550997,27.757982323433396,31.8,40.0
INFY,Mar 2022,18.20603250548746,25.88847510296693,31.8,40.0
INFY,Mar 2023,16.426035825492104,23.93589839677857,31.8,40.0
INFY,Mar 2024,17.08075746730006,23.703390381987376,31.8,40.0
INFY,TTM,17.30567292546941,23.842413180988576,31.8,40.0
IOC,Mar 2013,0.7854389536142752,3.0016458053618607,25.44,21.31
IOC,Mar 2014,1.4266553358793475,3.526605166429471,25.44,21.31
IOC,Mar 2015,1.0838540890353208,2.352577379217676,25.44,21.31
IOC,Mar 2016,3.587105723244087,6.3685358840613215,25.44,21.31
IOC,Mar 2017,5.736129596852938,9.609177807354964,25.44,21.31
IOC,Mar 2018,5.36807341539104,9.883461607812247,25.44,21.31
IOC,Mar 2019,3.2706122031664764,6.676411225428754,25.44,21.31
IOC,Mar 2020,-0.3877931962551911,3.31836043682547,25.44,21.31
IOC,Mar 2021,5.9793927737326555,10.971012501717269,25.44,21.31
IOC,Mar 2022,4.365532536597202,8.103902626921492,25.44,21.31
IOC,Mar 2023,1.3904266794653084,3.6451180627165116,25.44,21.31
IOC,Mar 2024,5.559462717942377,9.743776019125345,25.44,21.31
IOC,TTM,1.4325955205946275,4.324444998916591,25.44,21.31
IRCTC,Mar 2015,12.370160528800756,14.353163361661943,40.4,53.8
IRCTC,Mar 2016,13.825896122896856,13.89904901243599,40.4,53.8
IRCTC,Mar 2017,15.06578947368421,20.657894736842106,40.4,53.8
IRCTC,Mar 2018,15.075034106412005,18.69031377899045,40.4,53.8
IRCTC,Mar 2019,16.524064171122994,20.481283422459892,40.4,53.8
IRCTC,Mar 2020,22.659010600706715,31.051236749116605,40.4,53.8
IRCTC,Mar 2021,24.066924066924066,24.195624195624195,40.4,53.8
IRCTC,Mar 2022,35.125066524747204,46.514103246407664,40.4,53.8
IRCTC,Mar 2023,28.410053657158997,36.0350183563965,40.4,53.8
IRCTC,Mar 2024,26.01873536299766,34.33255269320843,40.4,53.8
IRCTC,TTM,26.936026936026934,33.78226711560045,40.4,53.8
IRFC,Mar 2013,9.405405405405405,99.6036036036036,13.7,5.73
IRFC,Mar 2014,11.311925125060514,99.69340003227369,13.7,5.73
IRFC,Mar 2015,10.923764231157227,99.5100158524283,13.7,5.73
IRFC,Mar 2016,11.309444518449448,99.48048488077794,13.7,5.73
IRFC,Mar 2017,10.323864264397038,99.71261191555212,13.7,5.73
IRFC,Mar 2018,22.17546131434121,99.58994280781268,13.7,5.73
IRFC,Mar 2019,20.25327824681157,99.55990659241961,13.7,5.73
IRFC,Mar 2020,23.783622680873258,99.50823336562105,13.7,5.73
IRFC,Mar 2021,28.000760890241583,99.27715427049648,13.7,5.73
IRFC,Mar 2022,30.001477905315532,99.39898517168334,13.7,5.73
IRFC,Mar 2023,25.996964842761994,99.4351235140376,13.7,5.73
IRFC,Mar 2024,24.064552448864703,99.50459748545694,13.7,5.73
IRFC,TTM,24.299308601590962,99.46472381235596,13.7,5.73
ITC,Mar 2013,24.36586754380416,35.48927825921943,29.47,34.76
ITC,Mar 2014,25.49425026907608,37.04752733246474,29.47,34.76
ITC,Mar 2015,25.192570265605273,36.715871911791226,29.47,34.76
ITC,Mar 2016,24.242192284139623,37.07644417228006,29.47,34.76
ITC,Mar 2017,24.497287691732136,36.171904227459784,29.47,34.76
ITC,Mar 2018,26.45170199544293,38.02389007802251,29.47,34.76
ITC,Mar 2019,26.553578816714936,38.347124534546964,29.47,34.76
ITC,Mar 2020,31.57244674819794,39.16740908722767,29.47,34.76
ITC,Mar 2021,27.16974237164261,34.64482205574842,29.47,34.76
ITC,Mar 2022,25.563525434908072,34.00610108005606,29.47,34.76
ITC,Mar 2023,27.463726222873987,36.24416587938352,29.47,34.76
ITC,Mar 2024,29.282025230717128,37.0177518132814,29.47,34.76
ITC,TTM,27.722100219604712,35.456178878019564,29.47,34.76
JINDALSTEL,Mar 2013,14.903821881153128,30.82748523249356,14.1,13.2
JINDALSTEL,Mar 2014,9.830965467178263,30.068443430467696,14.1,13.2
JINDALSTEL,Mar 2015,-7.48415030153085,28.163496726972838,14.1,13.2
JINDALSTEL,Mar 2016,-15.855976167240229,17.653705891417122,14.1,13.2
JINDALSTEL,Mar 2017,-11.74836828218303,21.797898440031478,14.1,13.2
JINDALSTEL,Mar 2018,-4.85489394940816,19.43459712792165,14.1,13.2
JINDALSTEL,Mar 2019,-5.135630030234638,17.910829110420305,14.1,13.2
JINDALSTEL,Mar 2020,-1.0547688737705352,18.01281544181631,14.1,13.2
JINDALSTEL,Mar 2021,12.339859452268719,31.61745568119379,14.1,13.2
JINDALSTEL,Mar 2022,13.223625063518742,30.322870656295198,14.1,13.2
JINDALSTEL,Mar 2023,7.468240246560925,18.683755543862286,14.1,13.2
JINDALSTEL,Mar 2024,11.802438733764944,20.260555268697622,14.1,13.2
JINDALSTEL,TTM,10.116155860772906,20.646154461304704,14.1,13.2
JIOFIN,Mar 2023,68.88888888888889,86.66666666666667,1.82,2.16
JIOFIN,Mar 2024,86.52291105121293,84.04312668463612,1.82,2.16
JIOFIN,TTM,81.65650406504065,77.79471544715447,1.82,2.16
JSWENERGY,Mar 2013,10.15783540022548,31.578354002254795,8.4,8.59
JSWENERGY,Mar 2014,8.788159111933396,37.638760407030524,8.4,8.59
JSWENERGY,Mar 2015,14.528725794372527,38.7717984380015,8.4,8.59
JSWENERGY,Mar 2016,14.861563517915311,41.01180781758957,8.4,8.59
JSWENERGY,Mar 2017,7.53963451530921,40.22752027108798,8.4,8.59
JSWENERGY,Mar 2018,1.0560318051931916,33.70605044104858,8.4,8.59
JSWENERGY,Mar 2019,7.485226526592252,31.243160428977895,8.4,8.59
JSWENERGY,Mar 2020,13.066602199927473,35.74277771062492,8.4,8.59
JSWENERGY,Mar 2021,11.889627275353943,42.08321294423577,8.4,8.59
JSWENERGY,Mar 2022,21.341986041386065,43.73699032692543,8.4,8.59
JSWENERGY,Mar 2023,14.3244289585753,31.765389082462253,8.4,8.59
JSWENERGY,Mar 2024,15.018283127285393,46.857043357130415,8.4,8.59
JSWENERGY,TTM,17.41415557112824,47.14435879467414,8.4,8.59
JSWSTEEL,Mar 2013,2.431300706621303,17.042658989793246,11.66,13.36
JSWSTEEL,Mar 2014,0.7848496680983992,17.90121046466224,11.66,13.36
JSWSTEEL,Mar 2015,3.2507739938080498,17.677263459941102,11.66,13.36
JSWSTEEL,Mar 2016,-1.1577528522601455,15.457565108554375,11.66,13.36
JSWSTEEL,Mar 2017,6.235162937918135,22.135098194374507,11.66,13.36
JSWSTEEL,Mar 2018,8.49818581179709,20.735962631893567,11.66,13.36
JSWSTEEL,Mar 2019,8.877142890852673,22.334438453461072,11.66,13.36
JSWSTEEL,Mar 2020,5.344625371628072,16.1102473883752,11.66,13.36
JSWSTEEL,Mar 2021,9.861095454602388,25.273362642317664,11.66,13.36
JSWSTEEL,Mar 2022,14.304746158733629,26.722506507436584,11.66,13.36
JSWSTEEL,Mar 2023,2.4939744516751023,11.129187756085804,11.66,13.36
JSWSTEEL,Mar 2024,5.127252779904689,16.089162657280323,11.66,13.36
JSWSTEEL,TTM,1.9451002501849959,13.201075912940318,11.66,13.36
KOTAKBANK,Mar 2013,20.64956634065326,60.92452482007751,15.1,7.86
KOTAKBANK,Mar 2014,21.08293008509928,58.84365092608043,15.1,7.86
KOTAKBANK,Mar 2015,23.312561003078308,72.96343569337037,15.1,7.86
KOTAKBANK,Mar 2016,17.27281639054995,56.567983531026364,15.1,7.86
KOTAKBANK,Mar 2017,22.482530012542558,66.439706145852,15.1,7.86
KOTAKBANK,Mar 2018,24.901516055867255,66.86960327881899,15.1,7.86
KOTAKBANK,Mar 2019,24.149374811437767,66.2331132043847,15.1,7.86
KOTAKBANK,Mar 2020,25.670669773555595,67.44936368524826,15.1,7.86
KOTAKBANK,Mar 2021,30.438756855575868,90.83485679463742,15.1,7.86
KOTAKBANK,Mar 2022,35.82881360955514,90.98426246999199,15.1,7.86
KOTAKBANK,Mar 2023,35.40841261180043,79.44058266707789,15.1,7.86
KOTAKBANK,Mar 2024,32.386151466116615,83.66733645109092,15.1,7.86
KOTAKBANK,TTM,35.173996534120185,79.42172888077062,15.1,7.86
LICI,Mar 2019,0.4596611071061123,1.0358560160137742,63.61,63.79
LICI,Mar 2020,0.43149911709867,-1.1061344525772918,63.61,63.79
LICI,Mar 2021,0.43044431000095523,-0.03647342505724301,63.61,63.79
LICI,Mar 2022,0.5700616081127022,0.4596424020806903,63.61,63.79
LICI,Mar 2023,4.5877791768838225,4.359645590012082,63.61,63.79
LICI,Mar 2024,4.836600998148862,3.87474201090824,63.61,63.79
LICI,TTM,4.627577541049831,2.8848149660866014,63.61,63.79
LODHA,Mar 2011,12.149102623101703,23.469857340082832,10.7,11.1
LODHA,Mar 2012,12.897765741367637,24.509140148950575,10.7,11.1
LODHA,Mar 2015,12.796664528543939,23.524695317511224,10.7,11.1
LODHA,Mar 2016,8.522245120620681,25.772820947993697,10.7,11.1
LODHA,Mar 2017,7.368155437799646,20.36336109008327,10.7,11.1
LODHA,Mar 2018,8.20502221762943,17.381419861527334,10.7,11.1
LODHA,Mar 2019,13.80700428319476,26.698580666834637,10.7,11.1
LODHA,Mar 2020,5.96319215623242,15.406252511452223,10.7,11.1
LODHA,Mar 2021,0.8808955771701229,25.380803817214172,10.7,11.1
LODHA,Mar 2022,13.08350481966858,23.675944979963177,10.7,11.1
LODHA,Mar 2023,5.174234424498416,21.795142555438225,10.7,11.1
LODHA,Mar 2024,15.063978286157425,25.833656455990695,10.7,11.1
LODHA,TTM,18.498600265212907,28.08310004420215,10.7,11.1
LT,Mar 2013,7.1090747856931715,15.309166151613685,10.49,17.18
LT,Mar 2014,5.743410068897406,16.561243445340608,10.49,17.18
LT,Mar 2015,5.401995017894244,17.06099272264465,10.49,17.18
LT,Mar 2016,4.541049425446491,15.314174956982654,10.49,17.18
LT,Mar 2017,5.933474824355972,15.20418618266979,10.49,17.18
LT,Mar 2018,6.687666585897746,16.8035560605934,10.49,17.18
LT,Mar 2019,7.555834935660405,16.910220381600354,10.49,17.18
LT,Mar 2020,7.489756070731238,16.880482908450897,10.49,17.18
LT,Mar 2021,9.502202545981364,17.252664014296325,10.49,17.18
LT,Mar 2022,6.656614767347513,15.534017799528499,10.49,17.18
LT,Mar 2023,6.834805089968965,14.817198553515034,10.49,17.18
LT,Mar 2024,7.031246466738726,13.506668535997433,10.49,17.18
LT,TTM,6.760688376220796,12.899728316609524,10.49,17.18
LTIM,Mar 2013,14.593612048818489,22.591534666320438,26.04,34.1
LTIM,Mar 2014,20.243902439024392,23.3130081300813,26.04,34.1
LTIM,Mar 2015,15.447971072719968,20.188830855765367,26.04,34.1
LTIM,Mar 2016,14.300376325692781,17.584673280875812,26.04,34.1
LTIM,Mar 2017,14.936163667128133,18.920166128287956,26.04,34.1
LTIM,Mar 2018,15.22036682179031,16.24692033944703,26.04,34.1
LTIM,Mar 2019,16.049121321194157,19.934363751852636,26.04,34.1
LTIM,Mar 2020,13.971872414744002,18.650611269418146,26.04,34.1
LTIM,Mar 2021,15.666936135812449,22.029102667744542,26.04,34.1
LTIM,Mar 2022,15.128882760733847,20.10417863571948,26.04,34.1
LTIM,Mar 2023,13.289937618660158,18.40701564053883,26.04,34.1
LTIM,Mar 2024,12.90931103415266,17.982937748120616,26.04,34.1
LTIM,TTM,12.319211398098522,17.32877265749145,26.04,34.1
M&M,Mar 2013,6.010801682849781,13.270638929730833,17.99,26.98
M&M,Mar 2014,6.964770746341266,13.743057526249643,17.99,26.98
M&M,Mar 2015,4.732112865300638,12.306852536110178,17.99,26.98
M&M,Mar 2016,4.686119645046874,13.293601086483564,17.99,26.98
M&M,Mar 2017,4.83568691583207,12.814391271650772,17.99,26.98
M&M,Mar 2018,8.641170977479531,14.361413338545399,17.99,26.98
M&M,Mar 2019,5.745743451647711,14.521442690577821,17.99,26.98
M&M,Mar 2020,-0.4258311002626622,13.47536547186331,17.99,26.98
M&M,Mar 2021,2.035596004200436,15.464875198578316,17.99,26.98
M&M,Mar 2022,8.043606037417796,16.28350578345588,17.99,26.98
M&M,Mar 2023,9.379148834409454,16.72727572586564,17.99,26.98
M&M,Mar 2024,8.82238743726542,17.89787025985418,17.99,26.98
M&M,TTM,8.916808894189577,18.64654232896712,17.99,26.98
MARUTI,Mar 2013,5.575117370892019,9.843355001805707,15.75,23.67
MARUTI,Mar 2014,6.407435678685286,11.92133267477886,15.75,23.67
MARUTI,Mar 2015,7.49788389992323,13.566662073581229,15.75,23.67
MARUTI,Mar 2016,9.54522565073191,15.66965913629339,15.75,23.67
MARUTI,Mar 2017,11.031798487185137,15.305867665418226,15.75,23.67
MARUTI,Mar 2018,9.874826147426981,15.183751206004336,15.75,23.67
MARUTI,Mar 2019,8.889482734581959,12.845656922433424,15.75,23.67
MARUTI,Mar 2020,7.504625958234206,9.721120803595031,15.75,23.67
MARUTI,Mar 2021,6.236855567555278,7.689137725231626,15.75,23.67
MARUTI,Mar 2022,4.3926185893807315,6.511943846937621,15.75,23.67
MARUTI,Mar 2023,6.9791402753145855,11.081834304535091,15.75,23.67
MARUTI,Mar 2024,9.50809964894472,13.130031439890594,15.75,23.67
MARUTI,TTM,9.655471617554902,13.611728977433149,15.75,23.67
MOTHERSON,Mar 2013,1.7867025061269666,5.850264843070598,11.8,13.7
MOTHERSON,Mar 2014,3.6068915630959424,7.881238903136713,11.8,13.7
MOTHERSON,Mar 2015,3.7275323851014104,8.2051873863997,11.8,13.7
MOTHERSON,Mar 2016,4.766766981943251,9.533533963886502,11.8,13.7
MOTHERSON,Mar 2017,5.12554276005286,9.842835567302247,11.8,13.7
MOTHERSON,Mar 2018,4.013995701827612,9.10786281370442,11.8,13.7
MOTHERSON,Mar 2019,3.3027407395746424,8.418997843300852,11.8,13.7
MOTHERSON,Mar 2020,2.1307777174002536,7.6635544797378525,11.8,13.7
MOTHERSON,Mar 2021,2.7348788565452327,7.617221544361165,11.8,13.7
MOTHERSON,Mar 2022,1.8534198889829712,7.391727036096214,11.8,13.7
MOTHERSON,Mar 2023,2.119612123673656,7.933949332385643,11.8,13.7
MOTHERSON,Mar 2024,3.0600251286831757,9.445547764763102,11.8,13.7
MOTHERSON,TTM,3.769358761039294,9.575615732021722,11.8,13.7
NAUKRI,Mar 2013,16.101694915254235,25.635593220338983,2.44,3.65
NAUKRI,Mar 2014,10.582010582010582,17.10758377425044,2.44,3.65
NAUKRI,Mar 2015,-1.912568306010929,2.8688524590163933,2.44,3.65
NAUKRI,Mar 2016,15.775401069518717,12.165775401069519,2.44,3.65
NAUKRI,Mar 2017,-4.842342342342342,-1.0135135135135136,2.44,3.65
NAUKRI,Mar 2018,50.708502024291505,22.16599190283401,2.44,3.65
NAUKRI,Mar 2019,51.433536055603824,0.7819287576020852,2.44,3.65
NAUKRI,Mar 2020,-18.75,-26.676829268292686,2.44,3.65
NAUKRI,Mar 2021,125.70921985815602,6.560283687943262,2.44,3.65
NAUKRI,Mar 2022,810.6985525487728,28.067967275015732,2.44,3.65
NAUKRI,Mar 2023,-2.9838022165387894,14.83375959079284,2.44,3.65
NAUKRI,Mar 2024,23.462145110410095,28.036277602523658,2.44,3.65
NAUKRI,TTM,20.698722764838468,28.211870773854248,2.44,3.65
NESTLEIND,Dec 2013,12.27337655202725,21.404241292165697,135.61,185.43
NESTLEIND,Dec 2014,12.02435312024353,20.690005073566716,135.61,185.43
NESTLEIND,Dec 2015,6.886850152905198,19.021406727828747,135.61,185.43
NESTLEIND,Dec 2016,10.95066185318893,20.238485942457064,135.61,185.43
NESTLEIND,Dec 2017,12.237762237762238,20.94905094905095,135.61,185.43
NESTLEIND,Dec 2018,14.231314204746722,23.18455543747786,135.61,185.43
NESTLEIND,Dec 2019,15.910744603444094,23.655913978494624,135.61,185.43
NESTLEIND,Dec 2020,15.595505617977528,23.98501872659176,135.61,185.43
NESTLEIND,Dec 2021,14.368089003459739,24.163896614883658,135.61,185.43
NESTLEIND,Dec 2022,14.150440906669823,21.932887494821564,135.61,185.43
NESTLEIND,Dec 2023,15.680225870542715,23.376555474223572,135.61,185.43
NESTLEIND,Mar 2024,16.12281708616873,23.829630236943512,135.61,185.43
NESTLEIND,TTM,16.794703325583747,23.88557565955726,135.61,185.43
NHPC,Mar 2013,45.02429086350102,65.06817113305125,9.61,7.67
NHPC,Mar 2014,22.10041954256327,58.76302611990797,9.61,7.67
NHPC,Mar 2015,34.03478895511495,62.44982362243036,9.61,7.67
NHPC,Mar 2016,28.309791716542975,57.25401005506344,9.61,7.67
NHPC,Mar 2017,40.357184274614404,56.63922068885539,9.61,7.67
NHPC,Mar 2018,35.912314635718886,54.77756286266925,9.61,7.67
NHPC,Mar 2019,31.570744740064566,55.449181787821445,9.61,7.67
NHPC,Mar 2020,33.42326139088729,54.416466826538766,9.61,7.67
NHPC,Mar 2021,37.3134328358209,54.69527363184079,9.61,7.67
NHPC,Mar 2022,41.272965879265094,43.88670166229222,9.61,7.67
NHPC,Mar 2023,40.17158480248892,58.30112190063166,9.61,7.67
NHPC,Mar 2024,41.81893687707641,49.90656146179402,9.61,7.67
NHPC,TTM,35.26315789473684,51.75438596491229,9.61,7.67
NTPC,Mar 2013,17.598366844710423,25.376828211079726,12.52,10.58
NTPC,Mar 2014,14.557640750670242,25.184475935146178,12.52,10.58
NTPC,Mar 2015,12.496716985379642,21.70166464474655,12.52,10.58
NTPC,Mar 2016,14.688811379366722,25.298381383181646,12.52,10.58
NTPC,Mar 2017,13.059164818020038,26.32554057677775,12.52,10.58
NTPC,Mar 2018,11.922845497996208,25.52705970505092,12.52,10.58
NTPC,Mar 2019,13.993837685841633,22.645008824673187,12.52,10.58
NTPC,Mar 2020,10.872981071402469,28.855148724694878,12.52,10.58
NTPC,Mar 2021,13.421380602702387,30.524248863544667,12.52,10.58
NTPC,Mar 2022,12.7836947591374,30.42308301110282,12.52,10.58
NTPC,Mar 2023,9.716413082340656,27.011412713456334,12.52,10.58
NTPC,Mar 2024,11.950633329785267,28.82672926202094,12.52,10.58
NTPC,TTM,12.12854775891378,28.184106900781096,12.52,10.58
ONGC,Mar 2013,14.812574081390755,26.855121493480837,14.32,19.71
ONGC,Mar 2014,15.314063208917936,28.216010705199256,14.32,19.71
ONGC,Mar 2015,11.000913480360172,26.293320407896942,14.32,19.71
ONGC,Mar 2016,10.563062336740945,31.55132380921668,14.32,19.71
ONGC,Mar 2017,10.325090440557014,18.691284432897,14.32,19.71
ONGC,Mar 2018,8.077940912161534,17.628739471841243,14.32,19.71
ONGC,Mar 2019,8.049352029296244,17.745431948845418,14.32,19.71
ONGC,Mar 2020,2.8876207376338447,13.13368353128592,14.32,19.71
ONGC,Mar 2021,7.029807568891126,16.28210064867747,14.32,19.71
ONGC,Mar 2022,10.03448374134344,16.259470815029538,14.32,19.71
ONGC,Mar 2023,5.184005465837723,11.944974703103476,14.32,19.71
ONGC,Mar 2024,9.655290194725701,17.388518015001793,14.32,19.71
ONGC,TTM,6.424834596944863,13.036402335530612,14.32,19.71
PFC,Mar 2013,25.63243617881483,34.578953448076696,19.49,9.96
PFC,Mar 2014,25.515018451908254,35.53510533937497,19.49,9.96
PFC,Mar 2015,24.027533215943652,33.73219145189691,19.49,9.96
PFC,Mar 2016,22.19590108036323,32.88467750619145,19.49,9.96
PFC,Mar 2017,8.107030201950618,19.125484935281534,19.49,9.96
PFC,Mar 2018,18.091888779203686,24.169134583744654,19.49,9.96
PFC,Mar 2019,23.361549550881602,32.866964846782246,19.49,9.96
PFC,Mar 2020,15.23902941034588,22.53131582755793,19.49,9.96
PFC,Mar 2021,21.932566707602994,27.731104164340735,19.49,9.96
PFC,Mar 2022,24.60989745876059,30.602396999816424,19.49,9.96
PFC,Mar 2023,27.263014262911284,34.11384583698059,19.49,9.96
PFC,Mar 2024,28.916597455960137,36.68859553263103,19.49,9.96
PFC,TTM,28.77985165865189,36.43736245822806,19.49,9.96
PIDILITIND,Mar 2013,11.52800435019032,15.171288743882544,22.8,29.7
PIDILITIND,Mar 2014,10.506654214335747,15.689936960074713,22.8,29.7
PIDILITIND,Mar 2015,10.611065235342693,15.91659785301404,22.8,29.7
PIDILITIND,Mar 2016,15.05316172355904,21.88024622271964,22.8,29.7
PIDILITIND,Mar 2017,15.364073348762686,22.467509346626315,22.8,29.7
PIDILITIND,Mar 2018,15.893385982230997,22.063178677196447,22.8,29.7
PIDILITIND,Mar 2019,13.111048318734106,19.369878496750495,22.8,29.7
PIDILITIND,Mar 2020,15.382506169454347,21.606800109679188,22.8,29.7
PIDILITIND,Mar 2021,15.439462498286026,23.118058412176058,22.8,29.7
PIDILITIND,Mar 2022,12.166112287067836,18.707791553270837,22.8,29.7
PIDILITIND,Mar 2023,10.924654631748453,16.831934909738113,22.8,29.7
PIDILITIND,Mar 2024,14.108051360736493,21.868690947266415,22.8,29.7
PIDILITIND,TTM,15.29338810944888,22.88194713588094,22.8,29.7
PNB,Mar 2013,11.655174014998492,0.0,8.7,1.63
PNB,Mar 2014,8.172071711375061,0.0,8.7,1.63
PNB,Mar 2015,7.236707041675221,0.0,8.7,1.63
PNB,Mar 2016,-6.908904810644831,0.0,8.7,1.63
PNB,Mar 2017,2.578134753839111,0.0,8.7,1.63
PNB,Mar 2018,-24.855823499230375,0.0,8.7,1.63
PNB,Mar 2019,-18.31361343893225,0.0,8.7,1.63
PNB,Mar 2020,0.883134855602899,0.0,8.7,1.63
PNB,Mar 2021,3.289192652712516,0.0,8.7,1.63
PNB,Mar 2022,5.125783688780462,0.0,8.7,1.63
PNB,Mar 2023,3.8678104669238302,0.0,8.7,1.63
PNB,Mar 2024,8.395910695456838,0.0,8.7,1.63
PNB,TTM,12.516576821728123,0.0,8.7,1.63
POWERGRID,Mar 2013,32.97148536044645,82.84534821496827,19.0,13.2
POWERGRID,Mar 2014,29.238187078109934,83.36226293796207,19.0,13.2
POWERGRID,Mar 2015,28.76852907639681,85.10262257696694,19.0,13.2
POWERGRID,Mar 2016,28.854348247143136,88.04958357544064,19.0,13.2
POWERGRID,Mar 2017,28.995602599525238,87.36428376853328,19.0,13.2
POWERGRID,Mar 2018,27.388662616011217,86.66955999198771,19.0,13.2
POWERGRID,Mar 2019,28.62032573661542,76.78484839841411,19.0,13.2
POWERGRID,Mar 2020,29.300021195421788,87.12908011869436,19.0,13.2
POWERGRID,Mar 2021,30.363269424823407,88.05751765893038,19.0,13.2
POWERGRID,Mar 2022,40.420931238287444,86.07467204843591,19.0,13.2
POWERGRID,Mar 2023,33.81356489704624,86.78376422603776,19.0,13.2
POWERGRID,Mar 2024,33.97028990249329,86.87476823070044,19.0,13.2
POWERGRID,TTM,34.296690823365054,85.64349951977648,19.0,13.2
RECLTD,Mar 2013,28.113539680211236,97.33020390200969,22.2,10.0
RECLTD,Mar 2014,27.527143935435173,96.67305347500435,22.2,10.0
RECLTD,Mar 2015,26.012461059190027,94.4071261682243,22.2,10.0
RECLTD,Mar 2016,23.589637305699483,93.03626943005182,22.2,10.0
RECLTD,Mar 2017,25.938861040348428,92.2425836141014,22.2,10.0
RECLTD,Mar 2018,19.644275752493602,85.08694500838556,22.2,10.0
RECLTD,Mar 2019,22.59524559193955,93.29738664987406,22.2,10.0
RECLTD,Mar 2020,16.605437178545188,86.70429497027587,22.2,10.0
RECLTD,Mar 2021,23.562167786933657,90.74162612143881,22.2,10.0
RECLTD,Mar 2022,25.55250025460841,87.68204501476728,22.2,10.0
RECLTD,Mar 2023,28.28090968951021,95.29453477181787,22.2,10.0
RECLTD,Mar 2024,29.7682934528695,100.7702506471368,22.2,10.0
RECLTD,TTM,28.908525927364536,98.77646144882502,22.2,10.0
RELIANCE,Mar 2013,5.274815194579209,8.373383978563329,9.25,9.61
RELIANCE,Mar 2014,5.2011321250873666,8.058433155487277,9.25,9.61
RELIANCE,Mar 2015,6.314574807945039,10.003151945124102,9.25,9.61
RELIANCE,Mar 2016,10.954828437576811,15.327808410649233,9.25,9.61
RELIANCE,Mar 2017,9.81497200234246,15.234871066016566,9.25,9.61
RELIANCE,Mar 2018,9.231800584919515,16.456298631349743,9.25,9.61
RELIANCE,Mar 2019,7.00939759332931,14.823951282425742,9.25,9.61
RELIANCE,Mar 2020,6.683660728800578,14.960472884080051,9.25,9.61
RELIANCE,Mar 2021,11.524382005845935,17.32549586431257,9.25,9.61
RELIANCE,Mar 2022,9.76646566082171,15.630519683361813,9.25,9.61
RELIANCE,Mar 2023,8.45371270521545,16.239006111392566,9.25,9.61
RELIANCE,Mar 2024,8.789365557299389,18.07459281612296,9.25,9.61
RELIANCE,TTM,8.505827600075758,17.4634351877664,9.25,9.61
SBILIFE,Mar 2013,4.236718224613315,2.8715534633490245,12.0,13.2
SBILIFE,Mar 2014,4.218333526480473,2.9609456483949472,12.0,13.2
SBILIFE,Mar 2015,3.4830548314030514,3.3933074062994146,12.0,13.2
SBILIFE,Mar 2016,4.367625750362244,4.760919064375906,12.0,13.2
SBILIFE,Mar 2017,3.1262275762734055,3.496137226659683,12.0,13.2
SBILIFE,Mar 2018,3.3756017377010687,3.9098274040154988,12.0,13.2
SBILIFE,Mar 2019,2.9750695004932295,3.304636355483813,12.0,13.2
SBILIFE,Mar 2020,3.246723594684689,3.0846157358783506,12.0,13.2
SBILIFE,Mar 2021,1.7774956356133946,1.0645440894607694,12.0,13.2
SBILIFE,Mar 2022,1.8148295434004555,0.8796982514490921,12.0,13.2
SBILIFE,Mar 2023,2.1342824544868297,0.15129718736048417,12.0,13.2
SBILIFE,Mar 2024,1.4349789374791648,0.18638058005273206,12.0,13.2
SBILIFE,TTM,1.8535745312247738,0.7741806524028815,12.0,13.2
SBIN,Mar 2013,11.046220888698386,-3.0504357765395054,17.3,6.16
SBIN,Mar 2014,7.831822365150057,-7.729739450550613,17.3,6.16
SBIN,Mar 2015,8.574148691663382,-10.520065008126016,17.3,6.16
SBIN,Mar 2016,5.900749207960731,-14.684566678602023,17.3,6.16
SBIN,Mar 2017,-0.042092107946729615,-27.917048171596942,17.3,6.16
SBIN,Mar 2018,-1.6373324016246669,-37.86391230292178,17.3,6.16
SBIN,Mar 2019,1.322822336788751,-27.099501819818254,17.3,6.16
SBIN,Mar 2020,7.833923780442613,-23.78377777448379,17.3,6.16
SBIN,Mar 2021,8.589252647286195,-25.426532189921435,17.3,6.16
SBIN,Mar 2022,12.822917995813404,-21.92273073699965,17.3,6.16
SBIN,Mar 2023,16.460260228876,-12.381250979777395,17.3,6.16
SBIN,Mar 2024,15.83441297482405,-13.729168991026642,17.3,6.16
SBIN,TTM,15.855416555762577,-12.60367314346553,17.3,6.16
SHREECEM,Jun 2013,18.530823181985973,28.811369509043928,12.2,14.8
SHREECEM,Jun 2014,13.770778652668417,24.32195975503062,12.2,14.8
SHREECEM,Jun 2015,6.806199073334398,21.47307876657613,12.2,14.8
SHREECEM,Mar 2016 9m,20.729053318824807,25.516866158868336,12.2,14.8
SHREECEM,Mar 2017,15.580637654177332,29.24133116127531,12.2,14.8
SHREECEM,Mar 2018,14.075053391640393,25.15000508491813,12.2,14.8
SHREECEM,Mar 2019,8.084428514536041,22.277976901632815,12.2,14.8
SHREECEM,Mar 2020,11.998756605533105,29.305253341622628,12.2,14.8
SHREECEM,Mar 2021,17.234513274336283,30.169616519174042,12.2,14.8
SHREECEM,Mar 2022,8.454363757495004,24.716855429713526,12.2,14.8
SHREECEM,Mar 2023,13.270221823885278,16.580775263275825,12.2,14.8
SHREECEM,Mar 2024,8.445007553238145,22.01647093221578,12.2,14.8
SHREECEM,TTM,8.751641248358752,21.34127865872134,12.2,14.8
SHRIRAMFIN,Mar 2013,20.873163076045085,31.088600370951635,15.9,11.3
SHRIRAMFIN,Mar 2014,16.021708352996697,23.58423784804153,15.9,11.3
SHRIRAMFIN,Mar 2015,11.201917838073443,18.426501035196686,15.9,11.3
SHRIRAMFIN,Mar 2016,11.429674679023073,17.607877208224732,15.9,11.3
SHRIRAMFIN,Mar 2017,11.611483078051913,18.08676511052004,15.9,11.3
SHRIRAMFIN,Mar 2018,18.878684639312695,28.181010220708043,15.9,11.3
SHRIRAMFIN,Mar 2019,16.580844490216272,24.465756951596294,15.9,11.3
SHRIRAMFIN,Mar 2020,15.168166173540246,21.526477869693856,15.9,11.3
SHRIRAMFIN,Mar 2021,14.343932958328551,19.527034783606933,15.9,11.3
SHRIRAMFIN,Mar 2022,14.131394443001819,19.03921059465074,15.9,11.3
SHRIRAMFIN,Mar 2023,19.742883379247015,28.856749311294767,15.9,11.3
SHRIRAMFIN,Mar 2024,20.333626470264925,28.918874354182698,15.9,11.3
SHRIRAMFIN,TTM,23.715633152719246,28.637367047963075,15.9,11.3
SIEMENS,Sep 2011,7.26056043496445,9.795064826432455,19.1,25.6
SIEMENS,Sep 2014,5.6471249297621275,1.1144409065368046,19.1,25.6
SIEMENS,Sep 2015,11.114266780270757,9.448073463978037,19.1,25.6
SIEMENS,Sep 2016,26.889360524130296,9.421426594075852,19.1,25.6
SIEMENS,Sep 2017,10.275643922277451,9.543605964753727,19.1,25.6
SIEMENS,Sep 2018,7.041813208284486,10.371238765142634,19.1,25.6
SIEMENS,Sep 2019,8.399571996331396,11.38795475389789,19.1,25.6
SIEMENS,Sep 2020,7.7317514578725115,10.08445606273879,19.1,25.6
SIEMENS,Sep 2021,8.25125018942264,11.001666919230187,19.1,25.6
SIEMENS,Sep 2022,9.561283926137069,11.525591770975337,19.1,25.6
SIEMENS,Sep 2023,10.03375268487266,12.718625345197914,19.1,25.6
SIEMENS,Sep 2024,12.221223021582734,13.956834532374101,19.1,25.6
SUNPHARMA,Mar 2013,31.165214266463032,42.979067469230074,16.7,17.3
SUNPHARMA,Mar 2014,24.12313432835821,43.55099502487562,16.7,17.3
SUNPHARMA,Mar 2015,19.99123831775701,28.818633177570092,16.7,17.3
SUNPHARMA,Mar 2016,19.861691297784954,28.693790149892934,16.7,17.3
SUNPHARMA,Mar 2017,24.846412059028438,31.99062638545823,16.7,17.3
SUNPHARMA,Mar 2018,9.596436256559326,21.257880629695343,16.7,17.3
SUNPHARMA,Mar 2019,11.036950388770386,21.939723388151105,16.7,17.3
SUNPHARMA,Mar 2020,12.704793227358548,21.264997868323285,16.7,17.3
SUNPHARMA,Mar 2021,6.782494477282226,25.285091647262526,16.7,17.3
SUNPHARMA,Mar 2022,8.767527293423708,26.538003828840484,16.7,17.3
SUNPHARMA,Mar 2023,19.39798569019733,26.546051132479608,16.7,17.3
SUNPHARMA,Mar 2024,19.815658700538176,26.84289749881436,16.7,17.3
SUNPHARMA,TTM,22.09787707720442,27.94585354218017,16.7,17.3
TATACONSUM,Mar 2013,6.0535981499115765,10.474765338049245,8.32,10.6
TATACONSUM,Mar 2014,6.590850348927371,9.7182734556733,8.32,10.6
TATACONSUM,Mar 2015,3.415488552483423,9.908670086325534,8.32,10.6
TATACONSUM,Mar 2016,-0.5574807895133344,5.514539701672443,8.32,10.6
TATACONSUM,Mar 2017,6.710914454277287,11.666666666666666,8.32,10.6
TATACONSUM,Mar 2018,8.158473954512106,12.311078503301541,8.32,10.6
TATACONSUM,Mar 2019,6.301709873138445,10.83838940981798,8.32,10.6
TATACONSUM,Mar 2020,4.77326968973747,13.406661824219155,8.32,10.6
TATACONSUM,Mar 2021,8.015859334597483,13.308050336148941,8.32,10.6
TATACONSUM,Mar 2022,8.169014084507042,13.835010060362174,8.32,10.6
TATACONSUM,Mar 2023,9.577015163607342,13.465863745193355,8.32,10.6
TATACONSUM,Mar 2024,7.9902669998684726,15.020386689464685,8.32,10.6
TATACONSUM,TTM,7.1792354421059095,15.315702276492607,8.32,10.6
TATAMOTORS,Mar 2013,5.284094219595007,13.02802540348424,49.4,20.1
TATAMOTORS,Mar 2014,6.034342063444342,14.96903373218688,49.4,20.1
TATAMOTORS,Mar 2015,5.347717539586334,14.910757374819026,49.4,20.1
TATAMOTORS,Mar 2016,4.276935021937695,14.061733187814507,49.4,20.1
TATAMOTORS,Mar 2017,2.8020749518897414,10.971363735803303,49.4,20.1
TATAMOTORS,Mar 2018,3.1181615503344196,10.789915966386554,49.4,20.1
TATAMOTORS,Mar 2019,-9.513211321529585,8.16856440726242,49.4,20.1
TATAMOTORS,Mar 2020,-4.586927543781696,6.889775843841452,49.4,20.1
TATAMOTORS,Mar 2021,-5.362397165675854,12.92539882703817,49.4,20.1
TATAMOTORS,Mar 2022,-4.061353042154179,8.877588398801956,49.4,20.1
TATAMOTORS,Mar 2023,0.7775308049611668,9.196252821800924,49.4,20.1
TATAMOTORS,Mar 2024,7.263066074788551,13.595385542828959,49.4,20.1
TATAMOTORS,TTM,7.684389209677748,13.747412290568809,49.4,20.1
TATAPOWER,Mar 2013,0.37073876480694457,16.864092594267113,11.3,11.1
TATAPOWER,Mar 2014,0.033588982813637126,19.35845042825953,11.3,11.1
TATAPOWER,Mar 2015,1.3604024647992141,18.756883874616737,11.3,11.1
TATAPOWER,Mar 2016,2.664948803146403,7.137044822675799,11.3,11.1
TATAPOWER,Mar 2017,3.9872408293460926,19.838335508191967,11.3,11.1
TATAPOWER,Mar 2018,9.728017883755587,8.550670640834575,11.3,11.1
TATAPOWER,Mar 2019,8.721261001974499,10.27408721261002,11.3,11.1
TATAPOWER,Mar 2020,4.516749038989566,23.355985722130697,11.3,11.1
TATAPOWER,Mar 2021,4.400207931994006,21.163196037060818,11.3,11.1
TATAPOWER,Mar 2022,5.035500747384155,16.421431240657697,11.3,11.1
TATAPOWER,Mar 2023,6.913571285996843,14.023117821045563,11.3,11.1
TATAPOWER,Mar 2024,6.965125551270159,17.469771680580646,11.3,11.1
TATAPOWER,TTM,6.935059616626502,17.415615303438393,11.3,11.1
TATASTEEL,Mar 2013,-5.398182789951898,2.943316111408041,6.55,7.02
TATASTEEL,Mar 2014,2.466120284764558,10.889956531686112,6.55,7.02
TATASTEEL,Mar 2015,-2.8235749512558783,2.4436575295332035,6.55,7.02
TATASTEEL,Mar 2016,-0.4874221546609131,-0.6129554258814298,6.55,7.02
TATASTEEL,Mar 2017,-3.712410618082084,11.704467537555988,6.55,7.02
TATASTEEL,Mar 2018,14.396060008600475,17.38999910749783,6.55,7.02
TATASTEEL,Mar 2019,5.785538057576315,18.59465081912107,6.55,7.02
TATASTEEL,Mar 2020,0.8396689959017859,12.489897508886616,6.55,7.02
TATASTEEL,Mar 2021,5.240124380974318,19.517063994779072,6.55,7.02
TATASTEEL,Mar 2022,17.113121467131773,26.02486483384503,6.55,7.02
TATASTEEL,Mar 2023,3.3182249653795104,13.272899861518042,6.55,7.02
TATASTEEL,Mar 2024,-2.1425049417247384,9.70803461170916,6.55,7.02
TATASTEEL,TTM,1.1433768302173637,11.453676723435832,6.55,7.02
TCS,Mar 2013,22.346758957913288,28.639921256092332,0.52,64.3
TCS,Mar 2014,23.630651884267014,30.746005940666677,0.52,64.3
TCS,Mar 2015,21.194320006761895,25.866368016228552,0.52,64.3
TCS,Mar 2016,22.401192864900686,28.2357380851573,0.52,64.3
TCS,Mar 2017,22.342878456504415,27.390095451231712,0.52,64.3
TCS,Mar 2018,21.02287496750715,26.41343904341045,0.52,64.3
TCS,Mar 2019,21.549469831971216,26.973365286795982,0.52,64.3
TCS,Mar 2020,20.673594607165384,26.829734499741953,0.52,64.3
TCS,Mar 2021,19.833472410873632,28.351108864213625,0.52,64.3
TCS,Mar 2022,20.051211448001087,27.669305464292794,0.52,64.3
TCS,Mar 2023,18.763139919630266,26.283831134845514,0.52,64.3
TCS,Mar 2024,19.136712150207767,26.690688396923118,0.52,64.3
TCS,TTM,19.440499519997463,26.813100499043962,0.52,64.3
TECHM,Mar 2013,19.01644114651535,20.689655172413794,8.63,11.9
TECHM,Mar 2014,16.28550154238911,22.189128816083397,8.63,11.9
TECHM,Mar 2015,11.754564342867248,18.535873745634586,8.63,11.9
TECHM,Mar 2016,11.425228353589493,16.0791122518306,8.63,11.9
TECHM,Mar 2017,9.783466593459387,14.357777701520194,8.63,11.9
TECHM,Mar 2018,12.302992883371786,15.305625060930037,8.63,11.9
TECHM,Mar 2019,12.345288123884636,18.050198606873526,8.63,11.9
TECHM,Mar 2020,10.570142128675274,14.926223283063903,8.63,11.9
TECHM,Mar 2021,11.499141460837405,17.952714304583278,8.63,11.9
TECHM,Mar 2022,12.610312234018725,17.963535367110158,8.63,11.9
TECHM,Mar 2023,9.11428035278664,14.567461062112965,8.63,11.9
TECHM,Mar 2024,4.60996999769213,8.666051234710363,8.63,11.9
TECHM,TTM,7.193764768656148,11.858754478237671,8.63,11.9
TITAN,Mar 2013,7.161908525140769,10.01679344067964,32.9,22.7
TITAN,Mar 2014,6.726457399103139,9.581769927702021,32.9,22.7
TITAN,Mar 2015,6.849660035255603,9.678502476286411,32.9,22.7
TITAN,Mar 2016,5.9861653068464,8.32742107130188,32.9,22.7
TITAN,Mar 2017,5.256013875273358,8.777618580800844,32.9,22.7
TITAN,Mar 2018,6.836228287841191,10.198511166253102,32.9,22.7
TITAN,Mar 2019,7.022599726983164,10.081399464078062,32.9,22.7
TITAN,Mar 2020,7.091962758882767,11.69960098802964,32.9,22.7
TITAN,Mar 2021,4.500092404361486,7.969876178155609,32.9,22.7
TITAN,Mar 2022,7.632209451717073,11.611514288690579,32.9,22.7
TITAN,Mar 2023,8.069008009858287,12.03203943314849,32.9,22.7
TITAN,Mar 2024,6.843630099444054,10.359408033826638,32.9,22.7
TITAN,TTM,5.955047926842704,9.620257813360755,32.9,22.7
TORNTPHARM,Mar 2013,13.581017795816422,21.76084920387137,24.2,23.2
TORNTPHARM,Mar 2014,15.915627996164908,22.890699904122723,24.2,23.2
TORNTPHARM,Mar 2015,16.199309749784298,22.001725625539258,24.2,23.2
TORNTPHARM,Mar 2016,25.915956333183786,40.87034544638852,24.2,23.2
TORNTPHARM,Mar 2017,16.059147180192575,23.676066024759283,24.2,23.2
TORNTPHARM,Mar 2018,11.394957983193276,22.672268907563026,24.2,23.2
TORNTPHARM,Mar 2019,5.682262478821843,25.843868108953473,24.2,23.2
TORNTPHARM,Mar 2020,12.910945962967629,27.333417306965615,24.2,23.2
TORNTPHARM,Mar 2021,15.640224859462837,30.98063710181137,24.2,23.2
TORNTPHARM,Mar 2022,9.132581100141044,28.573107663375648,24.2,23.2
TORNTPHARM,Mar 2023,12.941787941787942,29.54261954261954,24.2,23.2
TORNTPHARM,Mar 2024,15.436241610738255,31.3944817300522,24.2,23.2
TORNTPHARM,TTM,16.474960184038224,32.20668908157848,24.2,23.2
TRENT,Mar 2013,-1.2664165103189493,0.23452157598499063,27.2,23.8
TRENT,Mar 2014,-0.8144020574367767,-0.42863266180882986,27.2,23.8
TRENT,Mar 2015,5.64798598949212,3.852889667250438,27.2,23.8
TRENT,Mar 2016,3.262158956109134,5.338078291814947,27.2,23.8
TRENT,Mar 2017,4.690949227373068,7.39514348785872,27.2,23.8
TRENT,Mar 2018,4.033379694019471,9.643022716736208,27.2,23.8
TRENT,Mar 2019,3.6121673003802277,9.163498098859316,27.2,23.8
TRENT,Mar 2020,3.040734366035571,15.174985656913368,27.2,23.8
TRENT,Mar 2021,-6.980331662167373,4.3964519861164675,27.2,23.8
TRENT,Mar 2022,0.7781236104935527,13.228101378390395,27.2,23.8
TRENT,Mar 2023,4.780393108468818,13.516136859985439,27.2,23.8
TRENT,Mar 2024,11.935353535353535,15.927272727272726,27.2,23.8
TRENT,TTM,12.039933444259567,15.667221297836939,27.2,23.8
TVSMOTOR,Mar 2013,2.6364846870838883,5.832223701731025,0.0,0.0
TVSMOTOR,Mar 2014,2.23043893129771,5.868320610687023,0.0,0.0
TVSMOTOR,Mar 2015,3.1981279251170043,5.898985959438377,0.0,0.0
TVSMOTOR,Mar 2016,3.7707655796782986,7.198734288476752,0.0,0.0
TVSMOTOR,Mar 2017,4.084088903153334,6.988686512075744,0.0,0.0
TVSMOTOR,Mar 2018,4.069767441860465,9.614443084455324,0.0,0.0
TVSMOTOR,Mar 2019,3.5962301587301586,10.729166666666666,0.0,0.0
TVSMOTOR,Mar 2020,3.4325428404689906,12.011247281022866,0.0,0.0
TVSMOTOR,Mar 2021,3.1306317903300553,11.49271407239586,0.0,0.0
TVSMOTOR,Mar 2022,3.0014370765756517,11.311845616916443,0.0,0.0
TVSMOTOR,Mar 2023,4.093951335460061,12.594608119096767,0.0,0.0
TVSMOTOR,Mar 2024,4.544641716694342,14.050325712096054,0.0,0.0
TVSMOTOR,TTM,4.882712307046589,14.433614699435712,0.0,0.0
ULTRACEMCO,Mar 2013,13.10324656332261,23.588768645802865,0.0,0.0
ULTRACEMCO,Mar 2014,10.675349734684032,19.46454413892909,0.0,0.0
ULTRACEMCO,Mar 2015,9.019136702994937,18.986527074573072,0.0,0.0
ULTRACEMCO,Mar 2016,9.859658887607841,19.484753309744367,0.0,0.0
ULTRACEMCO,Mar 2017,10.695566502463054,20.53990147783251,0.0,0.0
ULTRACEMCO,Mar 2018,7.179056780399626,19.836017947641952,0.0,0.0
ULTRACEMCO,Mar 2019,5.788432781824321,17.719839853359705,0.0,0.0
ULTRACEMCO,Mar 2020,13.5540890879095,21.791185481970306,0.0,0.0
ULTRACEMCO,Mar 2021,12.212136117694406,25.86415060591155,0.0,0.0
ULTRACEMCO,Mar 2022,13.94323085990228,21.890150002851765,0.0,0.0
ULTRACEMCO,Mar 2023,8.021821631878558,16.793168880455408,0.0,0.0
ULTRACEMCO,Mar 2024,9.877587860326056,18.28989676764258,0.0,0.0
ULTRACEMCO,TTM,8.766493262475986,16.904805305887795,0.0,0.0
UNIONBANK,Mar 2013,8.52636179427073,1.2912710079860146,0.0,0.0
UNIONBANK,Mar 2014,5.739266516976254,-3.0686534666938834,0.0,0.0
UNIONBANK,Mar 2015,5.506155950752394,-3.025121253575426,0.0,0.0
UNIONBANK,Mar 2016,4.168213887857409,-5.966084911498948,0.0,0.0
UNIONBANK,Mar 2017,1.7460462565133925,-14.717981533961058,0.0,0.0
UNIONBANK,Mar 2018,-15.816945860645786,-35.506190823015295,0.0,0.0
UNIONBANK,Mar 2019,-8.515474733344991,-25.065570904004197,0.0,0.0
UNIONBANK,Mar 2020,-8.327329971450679,-25.408895648229674,0.0,0.0
UNIONBANK,Mar 2021,4.130657471397036,-15.97293358918498,0.0,0.0
UNIONBANK,Mar 2022,7.71654697347208,-6.174703209731789,0.0,0.0
UNIONBANK,Mar 2023,10.48753742468859,-3.725835664034104,0.0,0.0
UNIONBANK,Mar 2024,13.745317605802185,4.572806248505619,0.0,0.0
UNIONBANK,TTM,15.266491060920249,1.9522128192194885,0.0,0.0
UNITDSPR,Mar 2013,-1.0117556369242628,10.512622856041627,0.0,0.0
UNITDSPR,Mar 2014,-42.719832508564906,-32.0517700799391,0.0,0.0
UNITDSPR,Mar 2015,-18.22995461422088,-3.9550464663929112,0.0,0.0
UNITDSPR,Mar 2016,1.683343143025309,3.9199529134785167,0.0,0.0
UNITDSPR,Mar 2017,1.0546609208437288,11.2383760489907,0.0,0.0
UNITDSPR,Mar 2018,7.58933767896636,14.072866953788848,0.0,0.0
UNITDSPR,Mar 2019,7.322556471469864,14.923455732790922,0.0,0.0
UNITDSPR,Mar 2020,6.659517426273459,16.82573726541555,0.0,0.0
UNITDSPR,Mar 2021,4.452096913048825,12.925839380150043,0.0,0.0
UNITDSPR,Mar 2022,8.350494233937397,16.42298187808896,0.0,0.0
UNITDSPR,Mar 2023,10.610629476064833,13.352808141726346,0.0,0.0
UNITDSPR,Mar 2024,12.437063863616288,17.66628389718223,0.0,0.0
UNITDSPR,TTM,11.860248709923018,17.858049234413333,0.0,0.0
VBL,Dec 2012,1.3888888888888888,12.666666666666668,0.0,0.0
VBL,Dec 2013,-1.8912529550827424,13.75886524822695,0.0,0.0
VBL,Dec 2014,-0.7993605115907274,15.467625899280577,0.0,0.0
VBL,Dec 2015,3.3294048320565706,18.915733647613436,0.0,0.0
VBL,Dec 2016,1.2432012432012431,20.97902097902098,0.0,0.0
VBL,Dec 2017,5.344655344655345,20.929070929070928,0.0,0.0
VBL,Dec 2018,5.8765915768854065,20.293829578844267,0.0,0.0
VBL,Dec 2019,6.6199158485273495,20.50490883590463,0.0,0.0
VBL,Dec 2020,5.534883720930233,18.83720930232558,0.0,0.0
VBL,Dec 2021,8.455173977105293,19.199818655786014,0.0,0.0
VBL,Dec 2022,11.766492067106961,21.733849540727245,0.0,0.0
VBL,Dec 2023,13.102287602069437,23.16898335722745,0.0,0.0
VBL,TTM,13.598778111339339,23.95849791962922,0.0,0.0
VEDL,Mar 2013,82.93925063659513,16.915241906147692,0.0,0.0
VEDL,Mar 2014,17.2647841335107,29.62117547466441,0.0,0.0
VEDL,Mar 2015,-15.423958757292091,30.001356668023334,0.0,0.0
VEDL,Mar 2016,-27.795586816470074,-28.755718776259688,0.0,0.0
VEDL,Mar 2017,15.667705088265835,29.596400138456215,0.0,0.0
VEDL,Mar 2018,14.904317157599111,27.07965950406026,0.0,0.0
VEDL,Mar 2019,10.535807404832262,25.17273596384495,0.0,0.0
VEDL,Mar 2020,-5.617724726751691,24.563335583265243,0.0,0.0
VEDL,Mar 2021,17.07774281137456,31.035775553561084,0.0,0.0
VEDL,Mar 2022,17.863062411475756,33.77030407136184,0.0,0.0
VEDL,Mar 2023,9.845358025361826,23.3734759822956,0.0,0.0
VEDL,Mar 2024,5.245360996889937,24.568800573309122,0.0,0.0
VEDL,TTM,10.966576207354896,25.664599025254763,0.0,0.0
WIPRO,Mar 2013,16.516163505209725,20.456852791878173,0.0,0.0
WIPRO,Mar 2014,18.40226602800295,22.18819086219602,0.0,0.0
WIPRO,Mar 2015,18.559775084662732,21.935635023748162,0.0,0.0
WIPRO,Mar 2016,17.47911950667395,21.06783233159004,0.0,0.0
WIPRO,Mar 2017,15.362141105179628,20.41732794690521,0.0,0.0
WIPRO,Mar 2018,14.687907207223741,19.06326279663039,0.0,0.0
WIPRO,Mar 2019,15.27982514105627,19.6767142784527,0.0,0.0
WIPRO,Mar 2020,15.983512708953516,20.18711766822598,0.0,0.0
WIPRO,Mar 2021,17.547428755953824,23.849196738516188,0.0,0.0
WIPRO,Mar 2022,15.436503933830947,21.03590881581602,0.0,0.0
WIPRO,Mar 2023,12.560781540093712,18.609097338873664,0.0,0.0
WIPRO,Mar 2024,12.379679144385026,18.663101604278076,0.0,0.0
WIPRO,TTM,14.064330119830615,20.01644292278584,0.0,0.0
ZOMATO,Mar 2018,-22.96137339055794,-19.742489270386265,0.0,0.0
ZOMATO,Mar 2019,-76.92307692307693,-170.83015993907082,0.0,0.0
ZOMATO,Mar 2020,-91.59309021113243,-88.48368522072937,0.0,0.0
ZOMATO,Mar 2021,-40.92276830491474,-23.42026078234704,0.0,0.0
ZOMATO,Mar 2022,-29.150763358778626,-44.155534351145036,0.0,0.0
ZOMATO,Mar 2023,-13.7166266421811,-17.106936007910722,0.0,0.0
ZOMATO,Mar 2024,2.8974739970282317,0.3549612019151395,0.0,0.0
ZOMATO,TTM,3.689071889606054,3.6223013576674825,0.0,0.0
ZYDUSLIFE,Mar 2013,10.85246932997798,17.772884554891473,0.0,0.0
ZYDUSLIFE,Mar 2014,11.572535991140642,16.65282392026578,0.0,0.0
ZYDUSLIFE,Mar 2015,13.732516472084152,20.298231418333142,0.0,0.0
ZYDUSLIFE,Mar 2016,20.83377532619073,24.73745624270712,0.0,0.0
ZYDUSLIFE,Mar 2017,16.179607508532424,20.285836177474405,0.0,0.0
ZYDUSLIFE,Mar 2018,15.203695926081478,23.77992440151197,0.0,0.0
ZYDUSLIFE,Mar 2019,14.42351511468935,22.717605954731884,0.0,0.0
ZYDUSLIFE,Mar 2020,8.447344418718867,19.63095488669052,0.0,0.0
ZYDUSLIFE,Mar 2021,15.169397389613994,23.542071646764786,0.0,0.0
ZYDUSLIFE,Mar 2022,30.562541363335537,22.11780277961615,0.0,0.0
ZYDUSLIFE,Mar 2023,12.136682717410222,22.393687996751176,0.0,0.0
ZYDUSLIFE,Mar 2024,20.32536962193687,27.543868624341332,0.0,0.0
ZYDUSLIFE,TTM,20.661887916589087,29.221746415937446,0.0,0.0
INDIGO,Mar 2013,8.551559274149733,90.7095512332935,0.0,24.5
INDIGO,Mar 2014,4.263740217684627,96.10506431591257,0.0,24.5
INDIGO,Mar 2015,9.364452423698385,86.33393177737881,0.0,24.5
INDIGO,Mar 2016,12.304832713754648,80.39653035935564,0.0,24.5
INDIGO,Mar 2017,8.928955866523143,88.06243272335846,0.0,24.5
INDIGO,Mar 2018,9.738934016767299,86.8381043395161,0.0,24.5
INDIGO,Mar 2019,0.547426044846826,100.52988033828123,0.0,24.5
INDIGO,Mar 2020,-0.69358988701197,88.62009173285603,0.0,24.5
INDIGO,Mar 2021,-42.14876033057851,99.97950959633904,0.0,24.5
INDIGO,Mar 2022,-1.2224750298870077,97.84813543635032,0.0,24.5
INDIGO,Mar 2023,-0.582228262865959,88.02483194357713,0.0,24.5
INDIGO,Mar 2024,11.852722628584697,76.29890862649484,0.0,24.5
INDIGO,TTM,7.942361002144463,79.1987028610283,0.0,24.5
